index,question,answer
1,ซิม NTmobile มีช่องทางจำหน่ายทางใดบ้าง,ศูนย์บริการลูกค้า NTmobile ในเขตกรุงเทพและปริมณฑล
2,ช่วยบอกฉันเกี่ยวกับ ซิม NTmobile มีช่องทางจำหน่ายทางใดบ้าง,ศูนย์บริการลูกค้า NTmobile ในเขตกรุงเทพและปริมณฑล
3,ฉันจะสามารถ ซิม NTmobile มีช่องทางจำหน่ายทางใดบ้าง ได้อย่างไร?,ศูนย์บริการลูกค้า NTmobile ในเขตกรุงเทพและปริมณฑล
4,ซิม National Telecommobile มีช่องทางจำหน่ายทางใดบ้าง,ศูนย์บริการลูกค้า NTmobile ในเขตกรุงเทพและปริมณฑล
5,ซิม โทรคมนาคมแห่งชาติmobile มีช่องทางจำหน่ายทางใดบ้าง,ศูนย์บริการลูกค้า NTmobile ในเขตกรุงเทพและปริมณฑล
6,NTmobile ให้บริการรูปแบบใดบ้าง (Prepaid หรือ Postpaid)?,NTmobile ให้บริการทั้งแบบ Pre Paid และ Post Paid
7,มีรายละเอียดเพิ่มเติมเกี่ยวกับ NTmobile ให้บริการรูปแบบใดบ้าง (Prepaid หรือ Postpaid)? หรือไม่?,NTmobile ให้บริการทั้งแบบ Pre Paid และ Post Paid
8,ช่วยบอกฉันเกี่ยวกับ NTmobile ให้บริการรูปแบบใดบ้าง (Prepaid หรือ Postpaid)?,NTmobile ให้บริการทั้งแบบ Pre Paid และ Post Paid
9,โทรคมนาคมแห่งชาติmobile ให้บริการรูปแบบใดบ้าง (Prepaid หรือ Postpaid)?,NTmobile ให้บริการทั้งแบบ Pre Paid และ Post Paid
10,ฉันจะสามารถ NTmobile ให้บริการรูปแบบใดบ้าง (Prepaid หรือ Postpaid)? ได้อย่างไร?,NTmobile ให้บริการทั้งแบบ Pre Paid และ Post Paid
11,ทำไมต้องมี MNP? ได้ที่ไหน?,ในปัจจุบันการจะ เปลี่ยน ผู้ให้บริการเครือข่าย แต่ละครั้งต้องเปลี่ยน SIM เท่านั้น ซึ่งหมายถึงเราต้องเปลี่ยนเบอร์ด้วย ซึ่งจะทำให้ผู้ที่จะติดต่อเราไม่สามารถติดต่อเราได้ จึงทำให้ต้องซื้อ SIM เพิ่มทำให้เกิดความยุ่งยาก และสิ้นเปลืองค่าใช้จ่าย ฉะนั้นการมีระบบ MNP จะช่วยอำนวยความสะดวกให้กับผู้ใช้บริการที่ต้องการเปลี่ยนผู้ให้บริการ โดยอยากเปลี่ยนเบอร์โทรศัพท์เคลื่อนที่นั่นเอง
12,ทำไมต้องมี เปลี่ยนค่ายเบอร์เดิม?,ในปัจจุบันการจะ เปลี่ยน ผู้ให้บริการเครือข่าย แต่ละครั้งต้องเปลี่ยน SIM เท่านั้น ซึ่งหมายถึงเราต้องเปลี่ยนเบอร์ด้วย ซึ่งจะทำให้ผู้ที่จะติดต่อเราไม่สามารถติดต่อเราได้ จึงทำให้ต้องซื้อ SIM เพิ่มทำให้เกิดความยุ่งยาก และสิ้นเปลืองค่าใช้จ่าย ฉะนั้นการมีระบบ MNP จะช่วยอำนวยความสะดวกให้กับผู้ใช้บริการที่ต้องการเปลี่ยนผู้ให้บริการ โดยอยากเปลี่ยนเบอร์โทรศัพท์เคลื่อนที่นั่นเอง
13,มีรายละเอียดเพิ่มเติมเกี่ยวกับ ทำไมต้องมี MNP? หรือไม่?,ในปัจจุบันการจะ เปลี่ยน ผู้ให้บริการเครือข่าย แต่ละครั้งต้องเปลี่ยน SIM เท่านั้น ซึ่งหมายถึงเราต้องเปลี่ยนเบอร์ด้วย ซึ่งจะทำให้ผู้ที่จะติดต่อเราไม่สามารถติดต่อเราได้ จึงทำให้ต้องซื้อ SIM เพิ่มทำให้เกิดความยุ่งยาก และสิ้นเปลืองค่าใช้จ่าย ฉะนั้นการมีระบบ MNP จะช่วยอำนวยความสะดวกให้กับผู้ใช้บริการที่ต้องการเปลี่ยนผู้ให้บริการ โดยอยากเปลี่ยนเบอร์โทรศัพท์เคลื่อนที่นั่นเอง
14,ทำไมต้องมี MNP?,ในปัจจุบันการจะ เปลี่ยน ผู้ให้บริการเครือข่าย แต่ละครั้งต้องเปลี่ยน SIM เท่านั้น ซึ่งหมายถึงเราต้องเปลี่ยนเบอร์ด้วย ซึ่งจะทำให้ผู้ที่จะติดต่อเราไม่สามารถติดต่อเราได้ จึงทำให้ต้องซื้อ SIM เพิ่มทำให้เกิดความยุ่งยาก และสิ้นเปลืองค่าใช้จ่าย ฉะนั้นการมีระบบ MNP จะช่วยอำนวยความสะดวกให้กับผู้ใช้บริการที่ต้องการเปลี่ยนผู้ให้บริการ โดยอยากเปลี่ยนเบอร์โทรศัพท์เคลื่อนที่นั่นเอง
15,ช่วยบอกฉันเกี่ยวกับ ทำไมต้องมี MNP?,ในปัจจุบันการจะ เปลี่ยน ผู้ให้บริการเครือข่าย แต่ละครั้งต้องเปลี่ยน SIM เท่านั้น ซึ่งหมายถึงเราต้องเปลี่ยนเบอร์ด้วย ซึ่งจะทำให้ผู้ที่จะติดต่อเราไม่สามารถติดต่อเราได้ จึงทำให้ต้องซื้อ SIM เพิ่มทำให้เกิดความยุ่งยาก และสิ้นเปลืองค่าใช้จ่าย ฉะนั้นการมีระบบ MNP จะช่วยอำนวยความสะดวกให้กับผู้ใช้บริการที่ต้องการเปลี่ยนผู้ให้บริการ โดยอยากเปลี่ยนเบอร์โทรศัพท์เคลื่อนที่นั่นเอง
16,ใช้ระยะเวลาในการโอนย้ายนานหรือไม่? ได้ที่ไหน?,สำหรับลูกค้าที่มี SIM (จำนวนหมายเลขโทรศัพท์) 1-24 หมายเลข ใช้เวลา 3 วันทำการ สำหรับลูกค้าที่มี SIM (จำนวนหมายเลขโทรศัพท์) 25-500 หมายเลข ใช้เวลา 20 วันทำการ สำหรับลูกค้าที่มี SIM (จำนวนหมายเลขโทรศัพท์) 501 หมายเลขขึ้นไป ใช้เวลา 20 วันทำการ
17,ฉันจะสามารถ ใช้ระยะเวลาในการโอนย้ายนานหรือไม่? ได้อย่างไร?,สำหรับลูกค้าที่มี SIM (จำนวนหมายเลขโทรศัพท์) 1-24 หมายเลข ใช้เวลา 3 วันทำการ สำหรับลูกค้าที่มี SIM (จำนวนหมายเลขโทรศัพท์) 25-500 หมายเลข ใช้เวลา 20 วันทำการ สำหรับลูกค้าที่มี SIM (จำนวนหมายเลขโทรศัพท์) 501 หมายเลขขึ้นไป ใช้เวลา 20 วันทำการ
18,มีรายละเอียดเพิ่มเติมเกี่ยวกับ ใช้ระยะเวลาในการโอนย้ายนานหรือไม่? หรือไม่?,สำหรับลูกค้าที่มี SIM (จำนวนหมายเลขโทรศัพท์) 1-24 หมายเลข ใช้เวลา 3 วันทำการ สำหรับลูกค้าที่มี SIM (จำนวนหมายเลขโทรศัพท์) 25-500 หมายเลข ใช้เวลา 20 วันทำการ สำหรับลูกค้าที่มี SIM (จำนวนหมายเลขโทรศัพท์) 501 หมายเลขขึ้นไป ใช้เวลา 20 วันทำการ
19,ใช้ระยะเวลาในการโอนย้ายนานหรือไม่?,สำหรับลูกค้าที่มี SIM (จำนวนหมายเลขโทรศัพท์) 1-24 หมายเลข ใช้เวลา 3 วันทำการ สำหรับลูกค้าที่มี SIM (จำนวนหมายเลขโทรศัพท์) 25-500 หมายเลข ใช้เวลา 20 วันทำการ สำหรับลูกค้าที่มี SIM (จำนวนหมายเลขโทรศัพท์) 501 หมายเลขขึ้นไป ใช้เวลา 20 วันทำการ
20,ช่วยบอกฉันเกี่ยวกับ ใช้ระยะเวลาในการโอนย้ายนานหรือไม่?,สำหรับลูกค้าที่มี SIM (จำนวนหมายเลขโทรศัพท์) 1-24 หมายเลข ใช้เวลา 3 วันทำการ สำหรับลูกค้าที่มี SIM (จำนวนหมายเลขโทรศัพท์) 25-500 หมายเลข ใช้เวลา 20 วันทำการ สำหรับลูกค้าที่มี SIM (จำนวนหมายเลขโทรศัพท์) 501 หมายเลขขึ้นไป ใช้เวลา 20 วันทำการ
21,ถ้าเกิดปัญหาขณะรอการโอนย้ายจะทราบได้อย่างไร? ได้ที่ไหน?,ในขณะที่ดำเนินการจะมีการแจ้งเป็น SMS มาบอกสถานะว่าตอนนี้ ติดปัญหาหรือ เสร็จสิ้นแล้ว โดยหากเกิดปัญหาสามารถแจ้งได้ที่สถานบริการลูกค้าที่ติดต่อขอใช้บริการ เพื่อที่พนักงานจะดำเนินการแก้ไขต่อไป
22,ช่วยบอกฉันเกี่ยวกับ ถ้าเกิดปัญหาขณะรอการโอนย้ายจะทราบได้อย่างไร?,ในขณะที่ดำเนินการจะมีการแจ้งเป็น SMS มาบอกสถานะว่าตอนนี้ ติดปัญหาหรือ เสร็จสิ้นแล้ว โดยหากเกิดปัญหาสามารถแจ้งได้ที่สถานบริการลูกค้าที่ติดต่อขอใช้บริการ เพื่อที่พนักงานจะดำเนินการแก้ไขต่อไป
23,ถ้าเกิดปัญหาขณะรอการโอนย้ายจะทราบได้อย่างไร?,ในขณะที่ดำเนินการจะมีการแจ้งเป็น SMS มาบอกสถานะว่าตอนนี้ ติดปัญหาหรือ เสร็จสิ้นแล้ว โดยหากเกิดปัญหาสามารถแจ้งได้ที่สถานบริการลูกค้าที่ติดต่อขอใช้บริการ เพื่อที่พนักงานจะดำเนินการแก้ไขต่อไป
24,มีรายละเอียดเพิ่มเติมเกี่ยวกับ ถ้าเกิดปัญหาขณะรอการโอนย้ายจะทราบได้อย่างไร? หรือไม่?,ในขณะที่ดำเนินการจะมีการแจ้งเป็น SMS มาบอกสถานะว่าตอนนี้ ติดปัญหาหรือ เสร็จสิ้นแล้ว โดยหากเกิดปัญหาสามารถแจ้งได้ที่สถานบริการลูกค้าที่ติดต่อขอใช้บริการ เพื่อที่พนักงานจะดำเนินการแก้ไขต่อไป
25,ฉันจะสามารถ ถ้าเกิดปัญหาขณะรอการโอนย้ายจะทราบได้อย่างไร? ได้อย่างไร?,ในขณะที่ดำเนินการจะมีการแจ้งเป็น SMS มาบอกสถานะว่าตอนนี้ ติดปัญหาหรือ เสร็จสิ้นแล้ว โดยหากเกิดปัญหาสามารถแจ้งได้ที่สถานบริการลูกค้าที่ติดต่อขอใช้บริการ เพื่อที่พนักงานจะดำเนินการแก้ไขต่อไป
26,จะใช้ Mobile Number Portability ต้องทำอย่างไร?,หากต้องการใช้บริการ MNP สามารถติดต่อได้ที่ศูนย์ให้บริการของเครือข่ายที่ต้องการเปลี่ยน ซึ่งหาได้จากตามห้างสรรพสินค้าหรือจุดให้บริการต่างๆ ของผู้ให้บริการนั้นๆ โดยให้เตรียมสำเนาบัตรประชาชนไปด้วยทุกครั้งที่จะใช้บริการ MNP โดยต้องมาติดต่อขอใช้บริการก่อน 15.30 น. ของทุกวันทำการ
27,ฉันจะสามารถ จะใช้ MNP ต้องทำอย่างไร? ได้อย่างไร?,หากต้องการใช้บริการ MNP สามารถติดต่อได้ที่ศูนย์ให้บริการของเครือข่ายที่ต้องการเปลี่ยน ซึ่งหาได้จากตามห้างสรรพสินค้าหรือจุดให้บริการต่างๆ ของผู้ให้บริการนั้นๆ โดยให้เตรียมสำเนาบัตรประชาชนไปด้วยทุกครั้งที่จะใช้บริการ MNP โดยต้องมาติดต่อขอใช้บริการก่อน 15.30 น. ของทุกวันทำการ
28,จะใช้ การบริการคงสิทธิใช้เลขหมายเดิมแต่สามารถเปลี่ยนผู้ให้บริการสถานที่ ต้องทำอย่างไร?,หากต้องการใช้บริการ MNP สามารถติดต่อได้ที่ศูนย์ให้บริการของเครือข่ายที่ต้องการเปลี่ยน ซึ่งหาได้จากตามห้างสรรพสินค้าหรือจุดให้บริการต่างๆ ของผู้ให้บริการนั้นๆ โดยให้เตรียมสำเนาบัตรประชาชนไปด้วยทุกครั้งที่จะใช้บริการ MNP โดยต้องมาติดต่อขอใช้บริการก่อน 15.30 น. ของทุกวันทำการ
29,มีรายละเอียดเพิ่มเติมเกี่ยวกับ จะใช้ MNP ต้องทำอย่างไร? หรือไม่?,หากต้องการใช้บริการ MNP สามารถติดต่อได้ที่ศูนย์ให้บริการของเครือข่ายที่ต้องการเปลี่ยน ซึ่งหาได้จากตามห้างสรรพสินค้าหรือจุดให้บริการต่างๆ ของผู้ให้บริการนั้นๆ โดยให้เตรียมสำเนาบัตรประชาชนไปด้วยทุกครั้งที่จะใช้บริการ MNP โดยต้องมาติดต่อขอใช้บริการก่อน 15.30 น. ของทุกวันทำการ
30,จะใช้ MNP ต้องทำอย่างไร?,หากต้องการใช้บริการ MNP สามารถติดต่อได้ที่ศูนย์ให้บริการของเครือข่ายที่ต้องการเปลี่ยน ซึ่งหาได้จากตามห้างสรรพสินค้าหรือจุดให้บริการต่างๆ ของผู้ให้บริการนั้นๆ โดยให้เตรียมสำเนาบัตรประชาชนไปด้วยทุกครั้งที่จะใช้บริการ MNP โดยต้องมาติดต่อขอใช้บริการก่อน 15.30 น. ของทุกวันทำการ
31,ช่วยบอกฉันเกี่ยวกับ ช่องทางการเติมเงินของ My By NT ผ่านช่องทางไหนได้บ้าง,"แอปธนาคาร, แอป Shopping ของ Lazada, Shopee, แอป my eService, ศูนย์บริการ NT ทุกสาขา, 7-11, Lotus"
32,ช่องทางการเติมเงินของ My By โทรคมนาคมแห่งชาติ ผ่านช่องทางไหนได้บ้าง,"แอปธนาคาร, แอป Shopping ของ Lazada, Shopee, แอป my eService, ศูนย์บริการ NT ทุกสาขา, 7-11, Lotus"
33,ฉันจะสามารถ ช่องทางการเติมเงินของ My By NT ผ่านช่องทางไหนได้บ้าง ได้อย่างไร?,"แอปธนาคาร, แอป Shopping ของ Lazada, Shopee, แอป my eService, ศูนย์บริการ NT ทุกสาขา, 7-11, Lotus"
34,ช่องทางการเติมเงินของ My By NT ผ่านช่องทางไหนได้บ้าง,"แอปธนาคาร, แอป Shopping ของ Lazada, Shopee, แอป my eService, ศูนย์บริการ NT ทุกสาขา, 7-11, Lotus"
35,ช่องทางการเติมเงินของ My By NT ผ่านช่องทางไหนได้บ้าง ได้ที่ไหน?,"แอปธนาคาร, แอป Shopping ของ Lazada, Shopee, แอป my eService, ศูนย์บริการ NT ทุกสาขา, 7-11, Lotus"
36,ฉันจะสามารถ ช่องทางการเติมเงินของ NT Mobile ผ่านช่องทางไหนได้บ้าง ได้อย่างไร?,"แอปธนาคาร, ศูนย์บริการ NT ทุกสาขา, 7-11"
37,ช่องทางการเติมเงินของ National Telecom Mobile ผ่านช่องทางไหนได้บ้าง,"แอปธนาคาร, ศูนย์บริการ NT ทุกสาขา, 7-11"
38,ช่วยบอกฉันเกี่ยวกับ ช่องทางการเติมเงินของ NT Mobile ผ่านช่องทางไหนได้บ้าง,"แอปธนาคาร, ศูนย์บริการ NT ทุกสาขา, 7-11"
39,ช่องทางการเติมเงินของ NT Mobile ผ่านช่องทางไหนได้บ้าง ได้ที่ไหน?,"แอปธนาคาร, ศูนย์บริการ NT ทุกสาขา, 7-11"
40,ช่องทางการเติมเงินของ โทรคมนาคมแห่งชาติ Mobile ผ่านช่องทางไหนได้บ้าง,"แอปธนาคาร, ศูนย์บริการ NT ทุกสาขา, 7-11"
41,ประสงค์เปิดเบอร์รายเดือนและเบอร์เติมเงิน ของ My By โทรคมนาคมแห่งชาติ ต้องทำยังไง,ใช้บัตรประชาชนตัวจริง ลงทะเบียนเปิดเบอร์รายเดือนและเบอร์เติมเงิน พร้อมเลือกโปรโมชันและเลขหมายได้ที่ NT ทุกสาขา
42,ประสงค์เปิดเบอร์รายเดือนและเบอร์เติมเงิน ของ My By NT ต้องทำยังไง ได้ที่ไหน?,ใช้บัตรประชาชนตัวจริง ลงทะเบียนเปิดเบอร์รายเดือนและเบอร์เติมเงิน พร้อมเลือกโปรโมชันและเลขหมายได้ที่ NT ทุกสาขา
43,มีรายละเอียดเพิ่มเติมเกี่ยวกับ ประสงค์เปิดเบอร์รายเดือนและเบอร์เติมเงิน ของ My By NT ต้องทำยังไง หรือไม่?,ใช้บัตรประชาชนตัวจริง ลงทะเบียนเปิดเบอร์รายเดือนและเบอร์เติมเงิน พร้อมเลือกโปรโมชันและเลขหมายได้ที่ NT ทุกสาขา
44,ประสงค์เปิดเบอร์รายเดือนและเบอร์เติมเงิน ของ My By NT ต้องทำยังไง,ใช้บัตรประชาชนตัวจริง ลงทะเบียนเปิดเบอร์รายเดือนและเบอร์เติมเงิน พร้อมเลือกโปรโมชันและเลขหมายได้ที่ NT ทุกสาขา
45,ฉันจะสามารถ ประสงค์เปิดเบอร์รายเดือนและเบอร์เติมเงิน ของ My By NT ต้องทำยังไง ได้อย่างไร?,ใช้บัตรประชาชนตัวจริง ลงทะเบียนเปิดเบอร์รายเดือนและเบอร์เติมเงิน พร้อมเลือกโปรโมชันและเลขหมายได้ที่ NT ทุกสาขา
46,ประสงค์เปลี่ยนโปรโมชันรายเดือนของ My By NT และ NT Mobile ทำยังไงได้บ้าง,สามารถแจ้งผ่าน call center NT 1888 หรือ ติดต่อ NT Shop ได้ทุกสาขา
47,ช่วยบอกฉันเกี่ยวกับ ประสงค์เปลี่ยนโปรโมชันรายเดือนของ My By NT และ NT Mobile ทำยังไงได้บ้าง,สามารถแจ้งผ่าน call center NT 1888 หรือ ติดต่อ NT Shop ได้ทุกสาขา
48,มีรายละเอียดเพิ่มเติมเกี่ยวกับ ประสงค์เปลี่ยนโปรโมชันรายเดือนของ My By NT และ NT Mobile ทำยังไงได้บ้าง หรือไม่?,สามารถแจ้งผ่าน call center NT 1888 หรือ ติดต่อ NT Shop ได้ทุกสาขา
49,ประสงค์เปลี่ยนโปรโมชันรายเดือนของ My By โทรคมนาคมแห่งชาติ และ โทรคมนาคมแห่งชาติ Mobile ทำยังไงได้บ้าง,สามารถแจ้งผ่าน call center NT 1888 หรือ ติดต่อ NT Shop ได้ทุกสาขา
50,ประสงค์เปลี่ยนโปรโมชันรายเดือนของ My By National Telecom และ National Telecom Mobile ทำยังไงได้บ้าง,สามารถแจ้งผ่าน call center NT 1888 หรือ ติดต่อ NT Shop ได้ทุกสาขา
51,ช่วยบอกฉันเกี่ยวกับ ประสงค์สมัครโปรโมชันเสริมเบอร์เติมเงิน My By NT และ NT Mobile ทำยังไง,สามารถกดรหัส USSD สมัครโปรโมชันด้วยตนเอง หรือ แจ้งผ่าน call center NT 1888 หรือ ติดต่อ NT Shop ได้ทุกสาขา
52,ประสงค์สมัครโปรโมชันเสริมเบอร์เติมเงิน My By NT และ NT Mobile ทำยังไง,สามารถกดรหัส USSD สมัครโปรโมชันด้วยตนเอง หรือ แจ้งผ่าน call center NT 1888 หรือ ติดต่อ NT Shop ได้ทุกสาขา
53,ประสงค์สมัครโปรโมชันเสริมเบอร์เติมเงิน My By National Telecom และ National Telecom Mobile ทำยังไง,สามารถกดรหัส USSD สมัครโปรโมชันด้วยตนเอง หรือ แจ้งผ่าน call center NT 1888 หรือ ติดต่อ NT Shop ได้ทุกสาขา
54,ฉันจะสามารถ ประสงค์สมัครโปรโมชันเสริมเบอร์เติมเงิน My By NT และ NT Mobile ทำยังไง ได้อย่างไร?,สามารถกดรหัส USSD สมัครโปรโมชันด้วยตนเอง หรือ แจ้งผ่าน call center NT 1888 หรือ ติดต่อ NT Shop ได้ทุกสาขา
55,มีรายละเอียดเพิ่มเติมเกี่ยวกับ ประสงค์สมัครโปรโมชันเสริมเบอร์เติมเงิน My By NT และ NT Mobile ทำยังไง หรือไม่?,สามารถกดรหัส USSD สมัครโปรโมชันด้วยตนเอง หรือ แจ้งผ่าน call center NT 1888 หรือ ติดต่อ NT Shop ได้ทุกสาขา
56,มีรายละเอียดเพิ่มเติมเกี่ยวกับ ประสงค์ซื้อซิม Thunder Net พร้อมอุปกรณ์ Indoor ที่ไหนได้บ้าง หรือไม่?,ผ่านช่องทาง Online : NT Official หรือ NT Shop ได้ทุกสาขา
57,ประสงค์ซื้อซิม Thunder Net พร้อมอุปกรณ์ Indoor ที่ไหนได้บ้าง,ผ่านช่องทาง Online : NT Official หรือ NT Shop ได้ทุกสาขา
58,ฉันจะสามารถ ประสงค์ซื้อซิม Thunder Net พร้อมอุปกรณ์ Indoor ที่ไหนได้บ้าง ได้อย่างไร?,ผ่านช่องทาง Online : NT Official หรือ NT Shop ได้ทุกสาขา
59,ช่วยบอกฉันเกี่ยวกับ ประสงค์ซื้อซิม Thunder Net พร้อมอุปกรณ์ Indoor ที่ไหนได้บ้าง,ผ่านช่องทาง Online : NT Official หรือ NT Shop ได้ทุกสาขา
60,ประสงค์ซื้อซิม Thunder Net พร้อมอุปกรณ์ Indoor ที่ไหนได้บ้าง ได้ที่ไหน?,ผ่านช่องทาง Online : NT Official หรือ NT Shop ได้ทุกสาขา
61,ฉันจะสามารถ Sim Wireless Net โปร Thunder Net ใช้คลื่นความถี่อะไร ได้อย่างไร?,คลื่นความถี่ 2300 MHz เท่านั้น
62,Sim Wireless Net โปร Thunder Net ใช้คลื่นความถี่อะไร ได้ที่ไหน?,คลื่นความถี่ 2300 MHz เท่านั้น
63,Sim Wireless Net โปร Thunder Net ใช้คลื่นความถี่อะไร,คลื่นความถี่ 2300 MHz เท่านั้น
64,ช่วยบอกฉันเกี่ยวกับ Sim Wireless Net โปร Thunder Net ใช้คลื่นความถี่อะไร,คลื่นความถี่ 2300 MHz เท่านั้น
65,มีรายละเอียดเพิ่มเติมเกี่ยวกับ Sim Wireless Net โปร Thunder Net ใช้คลื่นความถี่อะไร หรือไม่?,คลื่นความถี่ 2300 MHz เท่านั้น
66,ช่วยบอกฉันเกี่ยวกับ Sim NT Mobile แบบรายเดือนและเติมเงินใช้คลื่นความถี่อะไร,NT Mobile ใช้งานบนคลื่น 2100 MHz และ 2300 MHz
67,Sim โทรคมนาคมแห่งชาติ Mobile แบบรายเดือนและเติมเงินใช้คลื่นความถี่อะไร,NT Mobile ใช้งานบนคลื่น 2100 MHz และ 2300 MHz
68,Sim NT Mobile แบบรายเดือนและเติมเงินใช้คลื่นความถี่อะไร,NT Mobile ใช้งานบนคลื่น 2100 MHz และ 2300 MHz
69,มีรายละเอียดเพิ่มเติมเกี่ยวกับ Sim NT Mobile แบบรายเดือนและเติมเงินใช้คลื่นความถี่อะไร หรือไม่?,NT Mobile ใช้งานบนคลื่น 2100 MHz และ 2300 MHz
70,Sim NT Mobile แบบรายเดือนและเติมเงินใช้คลื่นความถี่อะไร ได้ที่ไหน?,NT Mobile ใช้งานบนคลื่น 2100 MHz และ 2300 MHz
71,มีรายละเอียดเพิ่มเติมเกี่ยวกับ Sim My By NT ใช้งานคลื่นความถี่อะไร หรือไม่?,"My By NT ใช้งานบนคลื่น 3G (2100 MHz), 4G (LTE) 700 MHz, 900 MHz, 1800 MHz, 5G (NSA) 2600 MHz"
72,ฉันจะสามารถ Sim My By NT ใช้งานคลื่นความถี่อะไร ได้อย่างไร?,"My By NT ใช้งานบนคลื่น 3G (2100 MHz), 4G (LTE) 700 MHz, 900 MHz, 1800 MHz, 5G (NSA) 2600 MHz"
73,Sim My By NT ใช้งานคลื่นความถี่อะไร,"My By NT ใช้งานบนคลื่น 3G (2100 MHz), 4G (LTE) 700 MHz, 900 MHz, 1800 MHz, 5G (NSA) 2600 MHz"
74,Sim My By NT ใช้งานคลื่นความถี่อะไร ได้ที่ไหน?,"My By NT ใช้งานบนคลื่น 3G (2100 MHz), 4G (LTE) 700 MHz, 900 MHz, 1800 MHz, 5G (NSA) 2600 MHz"
75,Sim My By National Telecom ใช้งานคลื่นความถี่อะไร,"My By NT ใช้งานบนคลื่น 3G (2100 MHz), 4G (LTE) 700 MHz, 900 MHz, 1800 MHz, 5G (NSA) 2600 MHz"
76,ต้องการเปลี่ยนซิมใหม่เบอร์เดิม My By National Telecom และ National Telecom Mobile ติดต่อที่ไหน,ลูกค้าถือบัตรประชาชนตัวจริง ติดต่อศูนย์บริการ NT ได้ทุกสาขา
77,ช่วยบอกฉันเกี่ยวกับ ต้องการเปลี่ยนซิมใหม่เบอร์เดิม My By NT และ NT Mobile ติดต่อที่ไหน,ลูกค้าถือบัตรประชาชนตัวจริง ติดต่อศูนย์บริการ NT ได้ทุกสาขา
78,ฉันจะสามารถ ต้องการเปลี่ยนซิมใหม่เบอร์เดิม My By NT และ NT Mobile ติดต่อที่ไหน ได้อย่างไร?,ลูกค้าถือบัตรประชาชนตัวจริง ติดต่อศูนย์บริการ NT ได้ทุกสาขา
79,ต้องการเปลี่ยนซิมใหม่เบอร์เดิม My By NT และ NT Mobile ติดต่อที่ไหน,ลูกค้าถือบัตรประชาชนตัวจริง ติดต่อศูนย์บริการ NT ได้ทุกสาขา
80,ต้องการเปลี่ยนซิมใหม่เบอร์เดิม My By NT และ NT Mobile ติดต่อที่ไหน ได้ที่ไหน?,ลูกค้าถือบัตรประชาชนตัวจริง ติดต่อศูนย์บริการ NT ได้ทุกสาขา
81,My By NT และ NT Mobile เปลี่ยนเป็น E-Sim ได้หรือไม่,ยังไม่มีบริการ E-Sim
82,ช่วยบอกฉันเกี่ยวกับ My By NT และ NT Mobile เปลี่ยนเป็น E-Sim ได้หรือไม่,ยังไม่มีบริการ E-Sim
83,มีรายละเอียดเพิ่มเติมเกี่ยวกับ My By NT และ NT Mobile เปลี่ยนเป็น E-Sim ได้หรือไม่ หรือไม่?,ยังไม่มีบริการ E-Sim
84,My By National Telecom และ National Telecom Mobile เปลี่ยนเป็น E-Sim ได้หรือไม่,ยังไม่มีบริการ E-Sim
85,ฉันจะสามารถ My By NT และ NT Mobile เปลี่ยนเป็น E-Sim ได้หรือไม่ ได้อย่างไร?,ยังไม่มีบริการ E-Sim
86,มีรายละเอียดเพิ่มเติมเกี่ยวกับ กรณีซื้อซิมและลงทะเบียนไปแล้ว แต่ใช้งานไม่ได้ต้องทำอย่างไร หรือไม่?,เปิดข้อมูลมือถือหรือเซลลูล่า แล้วตรวจสอบการตั้งค่า APN ให้ตั้งค่า APN = internet และ ชื่อผู้ใช้ = internet (ภาษาอังกฤษใช้ตัวเล็กทั้งหมด)
87,ช่วยบอกฉันเกี่ยวกับ กรณีซื้อซิมและลงทะเบียนไปแล้ว แต่ใช้งานไม่ได้ต้องทำอย่างไร,เปิดข้อมูลมือถือหรือเซลลูล่า แล้วตรวจสอบการตั้งค่า APN ให้ตั้งค่า APN = internet และ ชื่อผู้ใช้ = internet (ภาษาอังกฤษใช้ตัวเล็กทั้งหมด)
88,กรณีซื้อซิมและลงทะเบียนไปแล้ว แต่ใช้งานไม่ได้ต้องทำอย่างไร,เปิดข้อมูลมือถือหรือเซลลูล่า แล้วตรวจสอบการตั้งค่า APN ให้ตั้งค่า APN = internet และ ชื่อผู้ใช้ = internet (ภาษาอังกฤษใช้ตัวเล็กทั้งหมด)
89,ฉันจะสามารถ กรณีซื้อซิมและลงทะเบียนไปแล้ว แต่ใช้งานไม่ได้ต้องทำอย่างไร ได้อย่างไร?,เปิดข้อมูลมือถือหรือเซลลูล่า แล้วตรวจสอบการตั้งค่า APN ให้ตั้งค่า APN = internet และ ชื่อผู้ใช้ = internet (ภาษาอังกฤษใช้ตัวเล็กทั้งหมด)
90,กรณีซื้อซิมและลงทะเบียนไปแล้ว แต่ใช้งานไม่ได้ต้องทำอย่างไร ได้ที่ไหน?,เปิดข้อมูลมือถือหรือเซลลูล่า แล้วตรวจสอบการตั้งค่า APN ให้ตั้งค่า APN = internet และ ชื่อผู้ใช้ = internet (ภาษาอังกฤษใช้ตัวเล็กทั้งหมด)
91,ฉันจะสามารถ ต้องการตรวจสอบข้อมูลการใช้งานการโทรหรือ Data ผ่านช่องทางไหนได้บ้าง ได้อย่างไร?,แอป my eService และ  NT Mobile
92,ช่วยบอกฉันเกี่ยวกับ ต้องการตรวจสอบข้อมูลการใช้งานการโทรหรือ Data ผ่านช่องทางไหนได้บ้าง,แอป my eService และ  NT Mobile
93,ต้องการตรวจสอบข้อมูลการใช้งานการโทรหรือ Data ผ่านช่องทางไหนได้บ้าง ได้ที่ไหน?,แอป my eService และ  NT Mobile
94,มีรายละเอียดเพิ่มเติมเกี่ยวกับ ต้องการตรวจสอบข้อมูลการใช้งานการโทรหรือ Data ผ่านช่องทางไหนได้บ้าง หรือไม่?,แอป my eService และ  NT Mobile
95,ต้องการตรวจสอบข้อมูลการใช้งานการโทรหรือ Data ผ่านช่องทางไหนได้บ้าง,แอป my eService และ  NT Mobile
96,ช่วยบอกฉันเกี่ยวกับ ซิม Thunder Net ชำรุดสามารถเปลี่ยนได้หรือไม่,เปลี่ยนใหม่ได้ สามารถติดต่อได้ที่ศูนย์บริการ NT
97,ฉันจะสามารถ ซิม Thunder Net ชำรุดสามารถเปลี่ยนได้หรือไม่ ได้อย่างไร?,เปลี่ยนใหม่ได้ สามารถติดต่อได้ที่ศูนย์บริการ NT
98,มีรายละเอียดเพิ่มเติมเกี่ยวกับ ซิม Thunder Net ชำรุดสามารถเปลี่ยนได้หรือไม่ หรือไม่?,เปลี่ยนใหม่ได้ สามารถติดต่อได้ที่ศูนย์บริการ NT
99,ซิม Thunder Net ชำรุดสามารถเปลี่ยนได้หรือไม่,เปลี่ยนใหม่ได้ สามารถติดต่อได้ที่ศูนย์บริการ NT
100,ซิม Thunder Net ชำรุดสามารถเปลี่ยนได้หรือไม่ ได้ที่ไหน?,เปลี่ยนใหม่ได้ สามารถติดต่อได้ที่ศูนย์บริการ NT
101,มีรายละเอียดเพิ่มเติมเกี่ยวกับ ซิม Thunder Net สามารย้ายค่ายได้หรือไม่ หรือไม่?,"ไม่สามารถย้ายค่ายได้เนื่องจากเป็นซิมใช้งานได้เฉพาะอินเตอร์เน็ตเท่านั้น ไม่สามารถโทรออกหรือรับสายได้ , ไม่สามารถส่งหรือรับ SMS หรือ OTP ได้"
102,ช่วยบอกฉันเกี่ยวกับ ซิม Thunder Net สามารย้ายค่ายได้หรือไม่,"ไม่สามารถย้ายค่ายได้เนื่องจากเป็นซิมใช้งานได้เฉพาะอินเตอร์เน็ตเท่านั้น ไม่สามารถโทรออกหรือรับสายได้ , ไม่สามารถส่งหรือรับ SMS หรือ OTP ได้"
103,ซิม Thunder Net สามารย้ายค่ายได้หรือไม่,"ไม่สามารถย้ายค่ายได้เนื่องจากเป็นซิมใช้งานได้เฉพาะอินเตอร์เน็ตเท่านั้น ไม่สามารถโทรออกหรือรับสายได้ , ไม่สามารถส่งหรือรับ SMS หรือ OTP ได้"
104,ซิม Thunder Net สามารย้ายค่ายได้หรือไม่ ได้ที่ไหน?,"ไม่สามารถย้ายค่ายได้เนื่องจากเป็นซิมใช้งานได้เฉพาะอินเตอร์เน็ตเท่านั้น ไม่สามารถโทรออกหรือรับสายได้ , ไม่สามารถส่งหรือรับ SMS หรือ OTP ได้"
105,ฉันจะสามารถ ซิม Thunder Net สามารย้ายค่ายได้หรือไม่ ได้อย่างไร?,"ไม่สามารถย้ายค่ายได้เนื่องจากเป็นซิมใช้งานได้เฉพาะอินเตอร์เน็ตเท่านั้น ไม่สามารถโทรออกหรือรับสายได้ , ไม่สามารถส่งหรือรับ SMS หรือ OTP ได้"
106,มีรายละเอียดเพิ่มเติมเกี่ยวกับ ต้องการเปลี่ยนซิมจาก 4G เป็น 5G ของ My By NT ทำได้หรือไม่ หรือไม่?,สามารถเปลี่ยนซิมเป็น 5G ได้ แต่ต้องเปลี่ยนโปรโมชันที่เป็นโปรโมชันเฉพาะของซิม 5G เท่านั้น
107,ต้องการเปลี่ยนซิมจาก 4G เป็น 5G ของ My By NT ทำได้หรือไม่ ได้ที่ไหน?,สามารถเปลี่ยนซิมเป็น 5G ได้ แต่ต้องเปลี่ยนโปรโมชันที่เป็นโปรโมชันเฉพาะของซิม 5G เท่านั้น
108,ต้องการเปลี่ยนซิมจาก 4G เป็น 5G ของ My By โทรคมนาคมแห่งชาติ ทำได้หรือไม่,สามารถเปลี่ยนซิมเป็น 5G ได้ แต่ต้องเปลี่ยนโปรโมชันที่เป็นโปรโมชันเฉพาะของซิม 5G เท่านั้น
109,ช่วยบอกฉันเกี่ยวกับ ต้องการเปลี่ยนซิมจาก 4G เป็น 5G ของ My By NT ทำได้หรือไม่,สามารถเปลี่ยนซิมเป็น 5G ได้ แต่ต้องเปลี่ยนโปรโมชันที่เป็นโปรโมชันเฉพาะของซิม 5G เท่านั้น
110,ต้องการเปลี่ยนซิมจาก 4G เป็น 5G ของ My By National Telecom ทำได้หรือไม่,สามารถเปลี่ยนซิมเป็น 5G ได้ แต่ต้องเปลี่ยนโปรโมชันที่เป็นโปรโมชันเฉพาะของซิม 5G เท่านั้น
111,ช่วยบอกฉันเกี่ยวกับ ต้องการย้ายค่ายเข้ามาเป็น My By NT และ NT Mobile ต้องทำอย่างไร,"ชำระค่าบริการค่ายเดิม พร้อมกดขอรหัสย้ายค่าย *151*เลขบัตรประชาชน 13 หลัก # โทรออก นำรหัส 8 หลักพร้อมบัตรประชาชนตัวจริงติดต่อศูนย์บริการ NT ทุกสาขา
หมายเหตุ : รหัสย้ายค่ายใช้ได้ภายในวันนั้นเท่านั้น หากข้ามวันลูกค้าต้องกดขอรหัสใหม่"
112,ต้องการย้ายค่ายเข้ามาเป็น My By National Telecom และ National Telecom Mobile ต้องทำอย่างไร,"ชำระค่าบริการค่ายเดิม พร้อมกดขอรหัสย้ายค่าย *151*เลขบัตรประชาชน 13 หลัก # โทรออก นำรหัส 8 หลักพร้อมบัตรประชาชนตัวจริงติดต่อศูนย์บริการ NT ทุกสาขา
หมายเหตุ : รหัสย้ายค่ายใช้ได้ภายในวันนั้นเท่านั้น หากข้ามวันลูกค้าต้องกดขอรหัสใหม่"
113,มีรายละเอียดเพิ่มเติมเกี่ยวกับ ต้องการย้ายค่ายเข้ามาเป็น My By NT และ NT Mobile ต้องทำอย่างไร หรือไม่?,"ชำระค่าบริการค่ายเดิม พร้อมกดขอรหัสย้ายค่าย *151*เลขบัตรประชาชน 13 หลัก # โทรออก นำรหัส 8 หลักพร้อมบัตรประชาชนตัวจริงติดต่อศูนย์บริการ NT ทุกสาขา
หมายเหตุ : รหัสย้ายค่ายใช้ได้ภายในวันนั้นเท่านั้น หากข้ามวันลูกค้าต้องกดขอรหัสใหม่"
114,ต้องการย้ายค่ายเข้ามาเป็น My By NT และ NT Mobile ต้องทำอย่างไร,"ชำระค่าบริการค่ายเดิม พร้อมกดขอรหัสย้ายค่าย *151*เลขบัตรประชาชน 13 หลัก # โทรออก นำรหัส 8 หลักพร้อมบัตรประชาชนตัวจริงติดต่อศูนย์บริการ NT ทุกสาขา
หมายเหตุ : รหัสย้ายค่ายใช้ได้ภายในวันนั้นเท่านั้น หากข้ามวันลูกค้าต้องกดขอรหัสใหม่"
115,ฉันจะสามารถ ต้องการย้ายค่ายเข้ามาเป็น My By NT และ NT Mobile ต้องทำอย่างไร ได้อย่างไร?,"ชำระค่าบริการค่ายเดิม พร้อมกดขอรหัสย้ายค่าย *151*เลขบัตรประชาชน 13 หลัก # โทรออก นำรหัส 8 หลักพร้อมบัตรประชาชนตัวจริงติดต่อศูนย์บริการ NT ทุกสาขา
หมายเหตุ : รหัสย้ายค่ายใช้ได้ภายในวันนั้นเท่านั้น หากข้ามวันลูกค้าต้องกดขอรหัสใหม่"
116,ชำระค่าบริการ My By โทรคมนาคมแห่งชาติ  และ โทรคมนาคมแห่งชาติ Mobile ผ่านช่องทางใดได้บ้าง,"NT Quick Pay = http://quickpay.nteservice.com ,แอปธนาคาร, ศูนย์บริการ NT, 7-11"
117,ชำระค่าบริการ My By National Telecom  และ National Telecom Mobile ผ่านช่องทางใดได้บ้าง,"NT Quick Pay = http://quickpay.nteservice.com ,แอปธนาคาร, ศูนย์บริการ NT, 7-11"
118,ฉันจะสามารถ ชำระค่าบริการ My By NT  และ NT Mobile ผ่านช่องทางใดได้บ้าง ได้อย่างไร?,"NT Quick Pay = http://quickpay.nteservice.com ,แอปธนาคาร, ศูนย์บริการ NT, 7-11"
119,ชำระค่าบริการ My By NT  และ NT Mobile ผ่านช่องทางใดได้บ้าง,"NT Quick Pay = http://quickpay.nteservice.com ,แอปธนาคาร, ศูนย์บริการ NT, 7-11"
120,ช่วยบอกฉันเกี่ยวกับ ชำระค่าบริการ My By NT  และ NT Mobile ผ่านช่องทางใดได้บ้าง,"NT Quick Pay = http://quickpay.nteservice.com ,แอปธนาคาร, ศูนย์บริการ NT, 7-11"
121,ช่วยบอกฉันเกี่ยวกับ หักผ่านบัญชีธนาคารใช้เอกสารอะไรบ้าง,"แบบแจ้งความประสงค์การชำระค่าบริการด้วยวิธีหักผ่านบัญชี, สมุดบัญชีธนาคาร, สำเนาบัตรประชาชนเจ้าของบัญชี ยื่นเอกสารให้ธนาคารตรวจสอบข้อมูล หลังจากนั้นนำเอกสารยื่นที่ NT ได้ทุกสาขา แบบแจ้งความประสงค์การชำระค่าบริการด้วยวิธีหักผ่านบัญชี, สมุดบัญชีธนาคาร, สำเนาบัตรประชาชนเจ้าของบัญชี ยื่นเอกสารให้ธนาคารตรวจสอบข้อมูล หลังจากนั้นนำเอกสารยื่นที่ NT ได้ทุกสาขา
หมายเหตุ : สำหรับ TTB ธนาคารจะนำส่งเอกสารให้ลูกค้าเอง"
122,หักผ่านบัญชีธนาคารใช้เอกสารอะไรบ้าง ได้ที่ไหน?,"แบบแจ้งความประสงค์การชำระค่าบริการด้วยวิธีหักผ่านบัญชี, สมุดบัญชีธนาคาร, สำเนาบัตรประชาชนเจ้าของบัญชี ยื่นเอกสารให้ธนาคารตรวจสอบข้อมูล หลังจากนั้นนำเอกสารยื่นที่ NT ได้ทุกสาขา แบบแจ้งความประสงค์การชำระค่าบริการด้วยวิธีหักผ่านบัญชี, สมุดบัญชีธนาคาร, สำเนาบัตรประชาชนเจ้าของบัญชี ยื่นเอกสารให้ธนาคารตรวจสอบข้อมูล หลังจากนั้นนำเอกสารยื่นที่ NT ได้ทุกสาขา
หมายเหตุ : สำหรับ TTB ธนาคารจะนำส่งเอกสารให้ลูกค้าเอง"
123,หักผ่านบัญชีธนาคารใช้เอกสารอะไรบ้าง,"แบบแจ้งความประสงค์การชำระค่าบริการด้วยวิธีหักผ่านบัญชี, สมุดบัญชีธนาคาร, สำเนาบัตรประชาชนเจ้าของบัญชี ยื่นเอกสารให้ธนาคารตรวจสอบข้อมูล หลังจากนั้นนำเอกสารยื่นที่ NT ได้ทุกสาขา แบบแจ้งความประสงค์การชำระค่าบริการด้วยวิธีหักผ่านบัญชี, สมุดบัญชีธนาคาร, สำเนาบัตรประชาชนเจ้าของบัญชี ยื่นเอกสารให้ธนาคารตรวจสอบข้อมูล หลังจากนั้นนำเอกสารยื่นที่ NT ได้ทุกสาขา
หมายเหตุ : สำหรับ TTB ธนาคารจะนำส่งเอกสารให้ลูกค้าเอง"
124,มีรายละเอียดเพิ่มเติมเกี่ยวกับ หักผ่านบัญชีธนาคารใช้เอกสารอะไรบ้าง หรือไม่?,"แบบแจ้งความประสงค์การชำระค่าบริการด้วยวิธีหักผ่านบัญชี, สมุดบัญชีธนาคาร, สำเนาบัตรประชาชนเจ้าของบัญชี ยื่นเอกสารให้ธนาคารตรวจสอบข้อมูล หลังจากนั้นนำเอกสารยื่นที่ NT ได้ทุกสาขา แบบแจ้งความประสงค์การชำระค่าบริการด้วยวิธีหักผ่านบัญชี, สมุดบัญชีธนาคาร, สำเนาบัตรประชาชนเจ้าของบัญชี ยื่นเอกสารให้ธนาคารตรวจสอบข้อมูล หลังจากนั้นนำเอกสารยื่นที่ NT ได้ทุกสาขา
หมายเหตุ : สำหรับ TTB ธนาคารจะนำส่งเอกสารให้ลูกค้าเอง"
125,ฉันจะสามารถ หักผ่านบัญชีธนาคารใช้เอกสารอะไรบ้าง ได้อย่างไร?,"แบบแจ้งความประสงค์การชำระค่าบริการด้วยวิธีหักผ่านบัญชี, สมุดบัญชีธนาคาร, สำเนาบัตรประชาชนเจ้าของบัญชี ยื่นเอกสารให้ธนาคารตรวจสอบข้อมูล หลังจากนั้นนำเอกสารยื่นที่ NT ได้ทุกสาขา แบบแจ้งความประสงค์การชำระค่าบริการด้วยวิธีหักผ่านบัญชี, สมุดบัญชีธนาคาร, สำเนาบัตรประชาชนเจ้าของบัญชี ยื่นเอกสารให้ธนาคารตรวจสอบข้อมูล หลังจากนั้นนำเอกสารยื่นที่ NT ได้ทุกสาขา
หมายเหตุ : สำหรับ TTB ธนาคารจะนำส่งเอกสารให้ลูกค้าเอง"
126,ลูกค้าไม่ได้รับใบแจ้งค่าบริการ,สามารถติดต่อแจ้งได้ที่ศูนย์บริการ NT ทุกสาขา หรือ ส่วนจัดทำใบแจ้งหนี้ 025748352-3
127,ลูกค้าไม่ได้รับใบแจ้งค่าบริการ ได้ที่ไหน?,สามารถติดต่อแจ้งได้ที่ศูนย์บริการ NT ทุกสาขา หรือ ส่วนจัดทำใบแจ้งหนี้ 025748352-3
128,ช่วยบอกฉันเกี่ยวกับ ลูกค้าไม่ได้รับใบแจ้งค่าบริการ,สามารถติดต่อแจ้งได้ที่ศูนย์บริการ NT ทุกสาขา หรือ ส่วนจัดทำใบแจ้งหนี้ 025748352-3
129,ฉันจะสามารถ ลูกค้าไม่ได้รับใบแจ้งค่าบริการ ได้อย่างไร?,สามารถติดต่อแจ้งได้ที่ศูนย์บริการ NT ทุกสาขา หรือ ส่วนจัดทำใบแจ้งหนี้ 025748352-3
130,มีรายละเอียดเพิ่มเติมเกี่ยวกับ ลูกค้าไม่ได้รับใบแจ้งค่าบริการ หรือไม่?,สามารถติดต่อแจ้งได้ที่ศูนย์บริการ NT ทุกสาขา หรือ ส่วนจัดทำใบแจ้งหนี้ 025748352-3
131,มีรายละเอียดเพิ่มเติมเกี่ยวกับ ลูกค้าร้องเรียนโทรศัพท์ใช้งานไม่ได้ หรือไม่?,สามารถติดต่อแจ้งเสีย Call Center 1177 ตลอด 24 ชั่วโมง
132,ลูกค้าร้องเรียนโทรศัพท์ใช้งานไม่ได้,สามารถติดต่อแจ้งเสีย Call Center 1177 ตลอด 24 ชั่วโมง
133,ลูกค้าร้องเรียนโทรศัพท์ใช้งานไม่ได้ ได้ที่ไหน?,สามารถติดต่อแจ้งเสีย Call Center 1177 ตลอด 24 ชั่วโมง
134,ฉันจะสามารถ ลูกค้าร้องเรียนโทรศัพท์ใช้งานไม่ได้ ได้อย่างไร?,สามารถติดต่อแจ้งเสีย Call Center 1177 ตลอด 24 ชั่วโมง
135,ช่วยบอกฉันเกี่ยวกับ ลูกค้าร้องเรียนโทรศัพท์ใช้งานไม่ได้,สามารถติดต่อแจ้งเสีย Call Center 1177 ตลอด 24 ชั่วโมง
136,มีรายละเอียดเพิ่มเติมเกี่ยวกับ ลูกค้าสงสัยกี่รอบบิลถึงโดนระงับสัญญาณ หรือไม่?,ค้างชำระได้ไม่เกิน 2 รอบบิล
137,ช่วยบอกฉันเกี่ยวกับ ลูกค้าสงสัยกี่รอบบิลถึงโดนระงับสัญญาณ,ค้างชำระได้ไม่เกิน 2 รอบบิล
138,ลูกค้าสงสัยกี่รอบบิลถึงโดนระงับสัญญาณ,ค้างชำระได้ไม่เกิน 2 รอบบิล
139,ฉันจะสามารถ ลูกค้าสงสัยกี่รอบบิลถึงโดนระงับสัญญาณ ได้อย่างไร?,ค้างชำระได้ไม่เกิน 2 รอบบิล
140,ลูกค้าสงสัยกี่รอบบิลถึงโดนระงับสัญญาณ ได้ที่ไหน?,ค้างชำระได้ไม่เกิน 2 รอบบิล
141,สอบถามศูนย์บริการใกล้บ้าน,ติดต่อ Call Center 1888 หรือ www.nc.ntplc.co.th/coverpage/s_main.php
142,มีรายละเอียดเพิ่มเติมเกี่ยวกับ สอบถามศูนย์บริการใกล้บ้าน หรือไม่?,ติดต่อ Call Center 1888 หรือ www.nc.ntplc.co.th/coverpage/s_main.php
143,ฉันจะสามารถ สอบถามศูนย์บริการใกล้บ้าน ได้อย่างไร?,ติดต่อ Call Center 1888 หรือ www.nc.ntplc.co.th/coverpage/s_main.php
144,ช่วยบอกฉันเกี่ยวกับ สอบถามศูนย์บริการใกล้บ้าน,ติดต่อ Call Center 1888 หรือ www.nc.ntplc.co.th/coverpage/s_main.php
145,สอบถามศูนย์บริการใกล้บ้าน ได้ที่ไหน?,ติดต่อ Call Center 1888 หรือ www.nc.ntplc.co.th/coverpage/s_main.php
146,มีรายละเอียดเพิ่มเติมเกี่ยวกับ งานรับชำระเงิน เปิด-ปิด กี่โมง หรือไม่?,งานรับชำระเงิน เปิด 08.30 น.-16.00 น.
147,งานรับชำระเงิน เปิด-ปิด กี่โมง,งานรับชำระเงิน เปิด 08.30 น.-16.00 น.
148,งานรับชำระเงิน เปิด-ปิด กี่โมง ได้ที่ไหน?,งานรับชำระเงิน เปิด 08.30 น.-16.00 น.
149,ฉันจะสามารถ งานรับชำระเงิน เปิด-ปิด กี่โมง ได้อย่างไร?,งานรับชำระเงิน เปิด 08.30 น.-16.00 น.
150,ช่วยบอกฉันเกี่ยวกับ งานรับชำระเงิน เปิด-ปิด กี่โมง,งานรับชำระเงิน เปิด 08.30 น.-16.00 น.
151,โทรศัพท์ใช้งานไม่ได้ชดเชยให้อย่างไร,แจ้งเสียผ่าน Call Center 1177 ติดต่อศูนย์บริการ NT ทุกสาขา เพื่อเขียนคำร้องแจ้งประสงค์ขอปรับลดค่าใช้บริการ
152,มีรายละเอียดเพิ่มเติมเกี่ยวกับ โทรศัพท์ใช้งานไม่ได้ชดเชยให้อย่างไร หรือไม่?,แจ้งเสียผ่าน Call Center 1177 ติดต่อศูนย์บริการ NT ทุกสาขา เพื่อเขียนคำร้องแจ้งประสงค์ขอปรับลดค่าใช้บริการ
153,ฉันจะสามารถ โทรศัพท์ใช้งานไม่ได้ชดเชยให้อย่างไร ได้อย่างไร?,แจ้งเสียผ่าน Call Center 1177 ติดต่อศูนย์บริการ NT ทุกสาขา เพื่อเขียนคำร้องแจ้งประสงค์ขอปรับลดค่าใช้บริการ
154,ช่วยบอกฉันเกี่ยวกับ โทรศัพท์ใช้งานไม่ได้ชดเชยให้อย่างไร,แจ้งเสียผ่าน Call Center 1177 ติดต่อศูนย์บริการ NT ทุกสาขา เพื่อเขียนคำร้องแจ้งประสงค์ขอปรับลดค่าใช้บริการ
155,โทรศัพท์ใช้งานไม่ได้ชดเชยให้อย่างไร ได้ที่ไหน?,แจ้งเสียผ่าน Call Center 1177 ติดต่อศูนย์บริการ NT ทุกสาขา เพื่อเขียนคำร้องแจ้งประสงค์ขอปรับลดค่าใช้บริการ
156,มีรายละเอียดเพิ่มเติมเกี่ยวกับ ADSL มีสัญญาณ สามารถ Connect ได้ แต่บางเว็บเข้าไม่ได้ เป็นเพราะเหตุใด? หรือไม่?,"ตรวจสอบ Default Gateway หากไม่พบ Gateway แนะนำลูกค้าตรวจสอบเครื่องลูกค้าหากพบ Default Gateway ให้เข้าหน้า Modem เช็คว่าได้รับค่า IP WAN หรือไม่ แต่ถ้าได้รับ IP WAN แล้วยังใช้งานไม่ได้ แนะนำให้ ตรวจสอบว่ามีการ Fix Ip , DNS , Proxy ไว้หรือไม่ ปรากฎว่ามี ให้เอาออก และทำการ Delete file cookies history พร้อมปิด Security Firewall และ Restart เครื่องแล้วลองใช้งาน หากใช้งานไม่ได้ติดต่อ: NT Helpdesk1888"
157,ช่วยบอกฉันเกี่ยวกับ ADSL มีสัญญาณ สามารถ Connect ได้ แต่บางเว็บเข้าไม่ได้ เป็นเพราะเหตุใด?,"ตรวจสอบ Default Gateway หากไม่พบ Gateway แนะนำลูกค้าตรวจสอบเครื่องลูกค้าหากพบ Default Gateway ให้เข้าหน้า Modem เช็คว่าได้รับค่า IP WAN หรือไม่ แต่ถ้าได้รับ IP WAN แล้วยังใช้งานไม่ได้ แนะนำให้ ตรวจสอบว่ามีการ Fix Ip , DNS , Proxy ไว้หรือไม่ ปรากฎว่ามี ให้เอาออก และทำการ Delete file cookies history พร้อมปิด Security Firewall และ Restart เครื่องแล้วลองใช้งาน หากใช้งานไม่ได้ติดต่อ: NT Helpdesk1888"
158,ADSL มีสัญญาณ สามารถ Connect ได้ แต่บางเว็บเข้าไม่ได้ เป็นเพราะเหตุใด? ได้ที่ไหน?,"ตรวจสอบ Default Gateway หากไม่พบ Gateway แนะนำลูกค้าตรวจสอบเครื่องลูกค้าหากพบ Default Gateway ให้เข้าหน้า Modem เช็คว่าได้รับค่า IP WAN หรือไม่ แต่ถ้าได้รับ IP WAN แล้วยังใช้งานไม่ได้ แนะนำให้ ตรวจสอบว่ามีการ Fix Ip , DNS , Proxy ไว้หรือไม่ ปรากฎว่ามี ให้เอาออก และทำการ Delete file cookies history พร้อมปิด Security Firewall และ Restart เครื่องแล้วลองใช้งาน หากใช้งานไม่ได้ติดต่อ: NT Helpdesk1888"
159,ADSL มีสัญญาณ สามารถ Connect ได้ แต่บางเว็บเข้าไม่ได้ เป็นเพราะเหตุใด?,"ตรวจสอบ Default Gateway หากไม่พบ Gateway แนะนำลูกค้าตรวจสอบเครื่องลูกค้าหากพบ Default Gateway ให้เข้าหน้า Modem เช็คว่าได้รับค่า IP WAN หรือไม่ แต่ถ้าได้รับ IP WAN แล้วยังใช้งานไม่ได้ แนะนำให้ ตรวจสอบว่ามีการ Fix Ip , DNS , Proxy ไว้หรือไม่ ปรากฎว่ามี ให้เอาออก และทำการ Delete file cookies history พร้อมปิด Security Firewall และ Restart เครื่องแล้วลองใช้งาน หากใช้งานไม่ได้ติดต่อ: NT Helpdesk1888"
160,เทคโนโลยีการสื่อสารข้อมูลความเร็วสูง มีสัญญาณ สามารถ Connect ได้ แต่บางเว็บเข้าไม่ได้ เป็นเพราะเหตุใด?,"ตรวจสอบ Default Gateway หากไม่พบ Gateway แนะนำลูกค้าตรวจสอบเครื่องลูกค้าหากพบ Default Gateway ให้เข้าหน้า Modem เช็คว่าได้รับค่า IP WAN หรือไม่ แต่ถ้าได้รับ IP WAN แล้วยังใช้งานไม่ได้ แนะนำให้ ตรวจสอบว่ามีการ Fix Ip , DNS , Proxy ไว้หรือไม่ ปรากฎว่ามี ให้เอาออก และทำการ Delete file cookies history พร้อมปิด Security Firewall และ Restart เครื่องแล้วลองใช้งาน หากใช้งานไม่ได้ติดต่อ: NT Helpdesk1888"
161,ลูกค้าสามารถติดตั้ง Roaming ได้ตั้งแต่เมื่อไหร่ ได้ที่ไหน?,ลูกค้าสามารถติดตั้งค่า Roaming ได้ตั้งแต่วันนี้เป็นต้นไป สามารถดูรายละเอียดได้ที่ www.ntplc.co.th
162,ช่วยบอกฉันเกี่ยวกับ ลูกค้าสามารถติดตั้ง Roaming ได้ตั้งแต่เมื่อไหร่,ลูกค้าสามารถติดตั้งค่า Roaming ได้ตั้งแต่วันนี้เป็นต้นไป สามารถดูรายละเอียดได้ที่ www.ntplc.co.th
163,มีรายละเอียดเพิ่มเติมเกี่ยวกับ ลูกค้าสามารถติดตั้ง Roaming ได้ตั้งแต่เมื่อไหร่ หรือไม่?,ลูกค้าสามารถติดตั้งค่า Roaming ได้ตั้งแต่วันนี้เป็นต้นไป สามารถดูรายละเอียดได้ที่ www.ntplc.co.th
164,ลูกค้าสามารถติดตั้ง Roaming ได้ตั้งแต่เมื่อไหร่,ลูกค้าสามารถติดตั้งค่า Roaming ได้ตั้งแต่วันนี้เป็นต้นไป สามารถดูรายละเอียดได้ที่ www.ntplc.co.th
165,ฉันจะสามารถ ลูกค้าสามารถติดตั้ง Roaming ได้ตั้งแต่เมื่อไหร่ ได้อย่างไร?,ลูกค้าสามารถติดตั้งค่า Roaming ได้ตั้งแต่วันนี้เป็นต้นไป สามารถดูรายละเอียดได้ที่ www.ntplc.co.th
166,ถ้าต้องการติดตั้งโทรศัพท์ประจำที่ จะต้องติดต่อที่ไหน ได้ที่ไหน?,ผู้สนใจสามารถขอติดตั้งโทรศัพท์ฯ ได้ที่ศูนย์บริการลูกค้า NT ในพื้นที่ หรือ ขอใช้บริการออนไลน์ผ่าน www.ntplc.co.th
167,ถ้าต้องการติดตั้งโทรศัพท์ประจำที่ จะต้องติดต่อที่ไหน,ผู้สนใจสามารถขอติดตั้งโทรศัพท์ฯ ได้ที่ศูนย์บริการลูกค้า NT ในพื้นที่ หรือ ขอใช้บริการออนไลน์ผ่าน www.ntplc.co.th
168,ช่วยบอกฉันเกี่ยวกับ ถ้าต้องการติดตั้งโทรศัพท์ประจำที่ จะต้องติดต่อที่ไหน,ผู้สนใจสามารถขอติดตั้งโทรศัพท์ฯ ได้ที่ศูนย์บริการลูกค้า NT ในพื้นที่ หรือ ขอใช้บริการออนไลน์ผ่าน www.ntplc.co.th
169,ฉันจะสามารถ ถ้าต้องการติดตั้งโทรศัพท์ประจำที่ จะต้องติดต่อที่ไหน ได้อย่างไร?,ผู้สนใจสามารถขอติดตั้งโทรศัพท์ฯ ได้ที่ศูนย์บริการลูกค้า NT ในพื้นที่ หรือ ขอใช้บริการออนไลน์ผ่าน www.ntplc.co.th
170,มีรายละเอียดเพิ่มเติมเกี่ยวกับ ถ้าต้องการติดตั้งโทรศัพท์ประจำที่ จะต้องติดต่อที่ไหน หรือไม่?,ผู้สนใจสามารถขอติดตั้งโทรศัพท์ฯ ได้ที่ศูนย์บริการลูกค้า NT ในพื้นที่ หรือ ขอใช้บริการออนไลน์ผ่าน www.ntplc.co.th
171,"เครื่อง iphone, ipad ไม่แสดงตารางออกอากาศ","ให้เข้าไอคอน Setting เลือก General เลือก International เลือก regions format เลือก เวลาให้เป็นแบบ international โดยเลือกไปที่ ประเทศอเมริกา United States รูปแบบเวลาในเครื่องจะเป็นแบบ am, pm ( เนื่องจากระบบตั้งค่าไว้เป็นรูปแบบนี้ ถ้าเลือกแสดงเวลาแบบ ไทยผังรายการจะไม่แสดง )"
172,"ฉันจะสามารถ เครื่อง iphone, ipad ไม่แสดงตารางออกอากาศ ได้อย่างไร?","ให้เข้าไอคอน Setting เลือก General เลือก International เลือก regions format เลือก เวลาให้เป็นแบบ international โดยเลือกไปที่ ประเทศอเมริกา United States รูปแบบเวลาในเครื่องจะเป็นแบบ am, pm ( เนื่องจากระบบตั้งค่าไว้เป็นรูปแบบนี้ ถ้าเลือกแสดงเวลาแบบ ไทยผังรายการจะไม่แสดง )"
173,"เครื่อง iphone, ipad ไม่แสดงตารางออกอากาศ ได้ที่ไหน?","ให้เข้าไอคอน Setting เลือก General เลือก International เลือก regions format เลือก เวลาให้เป็นแบบ international โดยเลือกไปที่ ประเทศอเมริกา United States รูปแบบเวลาในเครื่องจะเป็นแบบ am, pm ( เนื่องจากระบบตั้งค่าไว้เป็นรูปแบบนี้ ถ้าเลือกแสดงเวลาแบบ ไทยผังรายการจะไม่แสดง )"
174,"มีรายละเอียดเพิ่มเติมเกี่ยวกับ เครื่อง iphone, ipad ไม่แสดงตารางออกอากาศ หรือไม่?","ให้เข้าไอคอน Setting เลือก General เลือก International เลือก regions format เลือก เวลาให้เป็นแบบ international โดยเลือกไปที่ ประเทศอเมริกา United States รูปแบบเวลาในเครื่องจะเป็นแบบ am, pm ( เนื่องจากระบบตั้งค่าไว้เป็นรูปแบบนี้ ถ้าเลือกแสดงเวลาแบบ ไทยผังรายการจะไม่แสดง )"
175,"ช่วยบอกฉันเกี่ยวกับ เครื่อง iphone, ipad ไม่แสดงตารางออกอากาศ","ให้เข้าไอคอน Setting เลือก General เลือก International เลือก regions format เลือก เวลาให้เป็นแบบ international โดยเลือกไปที่ ประเทศอเมริกา United States รูปแบบเวลาในเครื่องจะเป็นแบบ am, pm ( เนื่องจากระบบตั้งค่าไว้เป็นรูปแบบนี้ ถ้าเลือกแสดงเวลาแบบ ไทยผังรายการจะไม่แสดง )"
176,มีรายละเอียดเพิ่มเติมเกี่ยวกับ ช่องทางการชำระเงิน หรือไม่?,"การชำระค่าใช้บริการผ่าน Counter Service
1. ชำระผ่านศูนย์บริการลูกค้า NT ทั่วประเทศ
2. ชำระผ่านเคาน์เตอร์ธนาคาร อาทิ ธนาคารกสิกร รนาคารกรุงเทพ ธนาคารไทยพาณิชย์ธนาคารทหารไทย
3.ชำระผ่านตัวแทนรับชำระ อาทิ เคานเตอร์เซอร์วิส, Tesco Lotus, ไปรษณีย์ไทย
,ชำระค่าบริการ ผ่านช่องทาง Online
1. ชำระผ่านโทรศัพท์เคลื่อนที่ (Mobile Application) อาทิ mPAY, AirPay, BluePay
2. ชำระผ่านอินเทอร์เน็ต (Website) อาทิ www.ntplc.co.th/eservice
3. ชำระผ่าน บริการ NT Quick Pay
4. ชำระโดยวิธีหักบัญชีเงินฝากธนาคาร ทุกธนาคาร
5. ชำระโดยวิธีหักบัญชีผ่านบัตรเครดิต
6. ชำระผ่านเครื่อง ATM อาทิ ธนาคารกสิกรไทย ธนาคารกรุงเทพ ธนาคารไทยพาณิชย์ธนาคารทหารไทย
7. ชำระทางโทรศัพท์ (Telephone Banking) อาทิ ธนาคารกสิกรไทย"
177,ช่วยบอกฉันเกี่ยวกับ ช่องทางการชำระเงิน,"การชำระค่าใช้บริการผ่าน Counter Service
1. ชำระผ่านศูนย์บริการลูกค้า NT ทั่วประเทศ
2. ชำระผ่านเคาน์เตอร์ธนาคาร อาทิ ธนาคารกสิกร รนาคารกรุงเทพ ธนาคารไทยพาณิชย์ธนาคารทหารไทย
3.ชำระผ่านตัวแทนรับชำระ อาทิ เคานเตอร์เซอร์วิส, Tesco Lotus, ไปรษณีย์ไทย
,ชำระค่าบริการ ผ่านช่องทาง Online
1. ชำระผ่านโทรศัพท์เคลื่อนที่ (Mobile Application) อาทิ mPAY, AirPay, BluePay
2. ชำระผ่านอินเทอร์เน็ต (Website) อาทิ www.ntplc.co.th/eservice
3. ชำระผ่าน บริการ NT Quick Pay
4. ชำระโดยวิธีหักบัญชีเงินฝากธนาคาร ทุกธนาคาร
5. ชำระโดยวิธีหักบัญชีผ่านบัตรเครดิต
6. ชำระผ่านเครื่อง ATM อาทิ ธนาคารกสิกรไทย ธนาคารกรุงเทพ ธนาคารไทยพาณิชย์ธนาคารทหารไทย
7. ชำระทางโทรศัพท์ (Telephone Banking) อาทิ ธนาคารกสิกรไทย"
178,ช่องทางการชำระเงิน,"การชำระค่าใช้บริการผ่าน Counter Service
1. ชำระผ่านศูนย์บริการลูกค้า NT ทั่วประเทศ
2. ชำระผ่านเคาน์เตอร์ธนาคาร อาทิ ธนาคารกสิกร รนาคารกรุงเทพ ธนาคารไทยพาณิชย์ธนาคารทหารไทย
3.ชำระผ่านตัวแทนรับชำระ อาทิ เคานเตอร์เซอร์วิส, Tesco Lotus, ไปรษณีย์ไทย
,ชำระค่าบริการ ผ่านช่องทาง Online
1. ชำระผ่านโทรศัพท์เคลื่อนที่ (Mobile Application) อาทิ mPAY, AirPay, BluePay
2. ชำระผ่านอินเทอร์เน็ต (Website) อาทิ www.ntplc.co.th/eservice
3. ชำระผ่าน บริการ NT Quick Pay
4. ชำระโดยวิธีหักบัญชีเงินฝากธนาคาร ทุกธนาคาร
5. ชำระโดยวิธีหักบัญชีผ่านบัตรเครดิต
6. ชำระผ่านเครื่อง ATM อาทิ ธนาคารกสิกรไทย ธนาคารกรุงเทพ ธนาคารไทยพาณิชย์ธนาคารทหารไทย
7. ชำระทางโทรศัพท์ (Telephone Banking) อาทิ ธนาคารกสิกรไทย"
179,ช่องทางการชำระเงิน ได้ที่ไหน?,"การชำระค่าใช้บริการผ่าน Counter Service
1. ชำระผ่านศูนย์บริการลูกค้า NT ทั่วประเทศ
2. ชำระผ่านเคาน์เตอร์ธนาคาร อาทิ ธนาคารกสิกร รนาคารกรุงเทพ ธนาคารไทยพาณิชย์ธนาคารทหารไทย
3.ชำระผ่านตัวแทนรับชำระ อาทิ เคานเตอร์เซอร์วิส, Tesco Lotus, ไปรษณีย์ไทย
,ชำระค่าบริการ ผ่านช่องทาง Online
1. ชำระผ่านโทรศัพท์เคลื่อนที่ (Mobile Application) อาทิ mPAY, AirPay, BluePay
2. ชำระผ่านอินเทอร์เน็ต (Website) อาทิ www.ntplc.co.th/eservice
3. ชำระผ่าน บริการ NT Quick Pay
4. ชำระโดยวิธีหักบัญชีเงินฝากธนาคาร ทุกธนาคาร
5. ชำระโดยวิธีหักบัญชีผ่านบัตรเครดิต
6. ชำระผ่านเครื่อง ATM อาทิ ธนาคารกสิกรไทย ธนาคารกรุงเทพ ธนาคารไทยพาณิชย์ธนาคารทหารไทย
7. ชำระทางโทรศัพท์ (Telephone Banking) อาทิ ธนาคารกสิกรไทย"
180,ฉันจะสามารถ ช่องทางการชำระเงิน ได้อย่างไร?,"การชำระค่าใช้บริการผ่าน Counter Service
1. ชำระผ่านศูนย์บริการลูกค้า NT ทั่วประเทศ
2. ชำระผ่านเคาน์เตอร์ธนาคาร อาทิ ธนาคารกสิกร รนาคารกรุงเทพ ธนาคารไทยพาณิชย์ธนาคารทหารไทย
3.ชำระผ่านตัวแทนรับชำระ อาทิ เคานเตอร์เซอร์วิส, Tesco Lotus, ไปรษณีย์ไทย
,ชำระค่าบริการ ผ่านช่องทาง Online
1. ชำระผ่านโทรศัพท์เคลื่อนที่ (Mobile Application) อาทิ mPAY, AirPay, BluePay
2. ชำระผ่านอินเทอร์เน็ต (Website) อาทิ www.ntplc.co.th/eservice
3. ชำระผ่าน บริการ NT Quick Pay
4. ชำระโดยวิธีหักบัญชีเงินฝากธนาคาร ทุกธนาคาร
5. ชำระโดยวิธีหักบัญชีผ่านบัตรเครดิต
6. ชำระผ่านเครื่อง ATM อาทิ ธนาคารกสิกรไทย ธนาคารกรุงเทพ ธนาคารไทยพาณิชย์ธนาคารทหารไทย
7. ชำระทางโทรศัพท์ (Telephone Banking) อาทิ ธนาคารกสิกรไทย"
181,ช่วยบอกฉันเกี่ยวกับ ในปัจจุบัน NT มีการให้บริการ NT BROADBAND ที่ไหนบ้าง,สามารถสอบถามได้ที่ ศูนย์บริการลูกค้า NT ใกล้บ้าน หรือ NT Contact Center โทร.1888
182,ในปัจจุบัน NT มีการให้บริการ NT BROADBAND ที่ไหนบ้าง ได้ที่ไหน?,สามารถสอบถามได้ที่ ศูนย์บริการลูกค้า NT ใกล้บ้าน หรือ NT Contact Center โทร.1888
183,ในปัจจุบัน National Telecom มีการให้บริการ National Telecom BROADBAND ที่ไหนบ้าง,สามารถสอบถามได้ที่ ศูนย์บริการลูกค้า NT ใกล้บ้าน หรือ NT Contact Center โทร.1888
184,มีรายละเอียดเพิ่มเติมเกี่ยวกับ ในปัจจุบัน NT มีการให้บริการ NT BROADBAND ที่ไหนบ้าง หรือไม่?,สามารถสอบถามได้ที่ ศูนย์บริการลูกค้า NT ใกล้บ้าน หรือ NT Contact Center โทร.1888
185,ในปัจจุบัน NT มีการให้บริการ NT BROADBAND ที่ไหนบ้าง,สามารถสอบถามได้ที่ ศูนย์บริการลูกค้า NT ใกล้บ้าน หรือ NT Contact Center โทร.1888
186,ฉันจะสามารถ ONU คืออะไร ได้อย่างไร?,"ONU ย่อมาจาก Optical Network Unit เป็นอุปกรณ์ที่ใช้ปลายทาง หรือพูดง่ายๆก็คือ เป็นอุปกรณ์ที่วางไว้ที่บ้านเรา เพื่อให้ใช้งานอินเตอร์เน็ตในระบบ FTTX รูปแบบเป็นเหมือนโมเด็ม เพียงแต่ ONU จะรองรับ Speed ที่สูงกว่า และ สายที่ใช้เชื่อมต่อสัญญาณ จากเดิมที่เป็นสายโทรศัพท์ ก็จะเป็นสาย Patch cord แทน 
ONU มีหลายรูปแบบให้เลือกตามความต้องการในการใช้งานของเรา มีตั้งแต่รุ่น ONU 1 Port/ 4 Port, ONU 4 Port Wireless, ONU 4 Port Wireless build in ATA, IP Phone ATA ซึ่งเราสามารถเลือกใช้งาน ตามความต้องการของเราได้เลย"
187,มีรายละเอียดเพิ่มเติมเกี่ยวกับ ONU คืออะไร หรือไม่?,"ONU ย่อมาจาก Optical Network Unit เป็นอุปกรณ์ที่ใช้ปลายทาง หรือพูดง่ายๆก็คือ เป็นอุปกรณ์ที่วางไว้ที่บ้านเรา เพื่อให้ใช้งานอินเตอร์เน็ตในระบบ FTTX รูปแบบเป็นเหมือนโมเด็ม เพียงแต่ ONU จะรองรับ Speed ที่สูงกว่า และ สายที่ใช้เชื่อมต่อสัญญาณ จากเดิมที่เป็นสายโทรศัพท์ ก็จะเป็นสาย Patch cord แทน 
ONU มีหลายรูปแบบให้เลือกตามความต้องการในการใช้งานของเรา มีตั้งแต่รุ่น ONU 1 Port/ 4 Port, ONU 4 Port Wireless, ONU 4 Port Wireless build in ATA, IP Phone ATA ซึ่งเราสามารถเลือกใช้งาน ตามความต้องการของเราได้เลย"
188,ช่วยบอกฉันเกี่ยวกับ ONU คืออะไร,"ONU ย่อมาจาก Optical Network Unit เป็นอุปกรณ์ที่ใช้ปลายทาง หรือพูดง่ายๆก็คือ เป็นอุปกรณ์ที่วางไว้ที่บ้านเรา เพื่อให้ใช้งานอินเตอร์เน็ตในระบบ FTTX รูปแบบเป็นเหมือนโมเด็ม เพียงแต่ ONU จะรองรับ Speed ที่สูงกว่า และ สายที่ใช้เชื่อมต่อสัญญาณ จากเดิมที่เป็นสายโทรศัพท์ ก็จะเป็นสาย Patch cord แทน 
ONU มีหลายรูปแบบให้เลือกตามความต้องการในการใช้งานของเรา มีตั้งแต่รุ่น ONU 1 Port/ 4 Port, ONU 4 Port Wireless, ONU 4 Port Wireless build in ATA, IP Phone ATA ซึ่งเราสามารถเลือกใช้งาน ตามความต้องการของเราได้เลย"
189,ONU คืออะไร ได้ที่ไหน?,"ONU ย่อมาจาก Optical Network Unit เป็นอุปกรณ์ที่ใช้ปลายทาง หรือพูดง่ายๆก็คือ เป็นอุปกรณ์ที่วางไว้ที่บ้านเรา เพื่อให้ใช้งานอินเตอร์เน็ตในระบบ FTTX รูปแบบเป็นเหมือนโมเด็ม เพียงแต่ ONU จะรองรับ Speed ที่สูงกว่า และ สายที่ใช้เชื่อมต่อสัญญาณ จากเดิมที่เป็นสายโทรศัพท์ ก็จะเป็นสาย Patch cord แทน 
ONU มีหลายรูปแบบให้เลือกตามความต้องการในการใช้งานของเรา มีตั้งแต่รุ่น ONU 1 Port/ 4 Port, ONU 4 Port Wireless, ONU 4 Port Wireless build in ATA, IP Phone ATA ซึ่งเราสามารถเลือกใช้งาน ตามความต้องการของเราได้เลย"
190,ONU คืออะไร,"ONU ย่อมาจาก Optical Network Unit เป็นอุปกรณ์ที่ใช้ปลายทาง หรือพูดง่ายๆก็คือ เป็นอุปกรณ์ที่วางไว้ที่บ้านเรา เพื่อให้ใช้งานอินเตอร์เน็ตในระบบ FTTX รูปแบบเป็นเหมือนโมเด็ม เพียงแต่ ONU จะรองรับ Speed ที่สูงกว่า และ สายที่ใช้เชื่อมต่อสัญญาณ จากเดิมที่เป็นสายโทรศัพท์ ก็จะเป็นสาย Patch cord แทน 
ONU มีหลายรูปแบบให้เลือกตามความต้องการในการใช้งานของเรา มีตั้งแต่รุ่น ONU 1 Port/ 4 Port, ONU 4 Port Wireless, ONU 4 Port Wireless build in ATA, IP Phone ATA ซึ่งเราสามารถเลือกใช้งาน ตามความต้องการของเราได้เลย"
191,บริการ National Telecom BROADBAND มีอัตราค่าบริการเท่าไหร่,ขึ้นอยู่กับขนาด Bandwidth ที่เลือกใช้ หรือ สอบถามศูนย์บริการลูกค้า NT ใกล้บ้าน หรือ NT Contact Center โทร.1888
192,ช่วยบอกฉันเกี่ยวกับ บริการ NT BROADBAND มีอัตราค่าบริการเท่าไหร่,ขึ้นอยู่กับขนาด Bandwidth ที่เลือกใช้ หรือ สอบถามศูนย์บริการลูกค้า NT ใกล้บ้าน หรือ NT Contact Center โทร.1888
193,บริการ NT BROADBAND มีอัตราค่าบริการเท่าไหร่ ได้ที่ไหน?,ขึ้นอยู่กับขนาด Bandwidth ที่เลือกใช้ หรือ สอบถามศูนย์บริการลูกค้า NT ใกล้บ้าน หรือ NT Contact Center โทร.1888
194,มีรายละเอียดเพิ่มเติมเกี่ยวกับ บริการ NT BROADBAND มีอัตราค่าบริการเท่าไหร่ หรือไม่?,ขึ้นอยู่กับขนาด Bandwidth ที่เลือกใช้ หรือ สอบถามศูนย์บริการลูกค้า NT ใกล้บ้าน หรือ NT Contact Center โทร.1888
195,ฉันจะสามารถ บริการ NT BROADBAND มีอัตราค่าบริการเท่าไหร่ ได้อย่างไร?,ขึ้นอยู่กับขนาด Bandwidth ที่เลือกใช้ หรือ สอบถามศูนย์บริการลูกค้า NT ใกล้บ้าน หรือ NT Contact Center โทร.1888
196,ฉันจะสามารถ บริการ NT BROADBAND รองรับการใช้งานอะไรบ้าง ได้อย่างไร?,สามารถให้บริการในรูปแบบ Triple Play เชื่อมต่อทั้งเสียง (Voice) ข้อมูล (Data) และวิดีโอ (Video)
197,บริการ NT BROADBAND รองรับการใช้งานอะไรบ้าง,สามารถให้บริการในรูปแบบ Triple Play เชื่อมต่อทั้งเสียง (Voice) ข้อมูล (Data) และวิดีโอ (Video)
198,บริการ NT BROADBAND รองรับการใช้งานอะไรบ้าง ได้ที่ไหน?,สามารถให้บริการในรูปแบบ Triple Play เชื่อมต่อทั้งเสียง (Voice) ข้อมูล (Data) และวิดีโอ (Video)
199,บริการ National Telecom BROADBAND รองรับการใช้งานอะไรบ้าง,สามารถให้บริการในรูปแบบ Triple Play เชื่อมต่อทั้งเสียง (Voice) ข้อมูล (Data) และวิดีโอ (Video)
200,ช่วยบอกฉันเกี่ยวกับ บริการ NT BROADBAND รองรับการใช้งานอะไรบ้าง,สามารถให้บริการในรูปแบบ Triple Play เชื่อมต่อทั้งเสียง (Voice) ข้อมูล (Data) และวิดีโอ (Video)
201,มีรายละเอียดเพิ่มเติมเกี่ยวกับ บริการ NT BROADBAND เหมาะสำหรับการใช้งานของกลุ่มใดบ้าง หรือไม่?,NT BROADBAND สำหรับกลุ่มลูกค้าที่มีความต้องการการใช้งาน
202,บริการ โทรคมนาคมแห่งชาติ BROADBAND เหมาะสำหรับการใช้งานของกลุ่มใดบ้าง,NT BROADBAND สำหรับกลุ่มลูกค้าที่มีความต้องการการใช้งาน
203,บริการ NT BROADBAND เหมาะสำหรับการใช้งานของกลุ่มใดบ้าง ได้ที่ไหน?,NT BROADBAND สำหรับกลุ่มลูกค้าที่มีความต้องการการใช้งาน
204,ช่วยบอกฉันเกี่ยวกับ บริการ NT BROADBAND เหมาะสำหรับการใช้งานของกลุ่มใดบ้าง,NT BROADBAND สำหรับกลุ่มลูกค้าที่มีความต้องการการใช้งาน
205,ฉันจะสามารถ บริการ NT BROADBAND เหมาะสำหรับการใช้งานของกลุ่มใดบ้าง ได้อย่างไร?,NT BROADBAND สำหรับกลุ่มลูกค้าที่มีความต้องการการใช้งาน
206,ช่วยบอกฉันเกี่ยวกับ บริการ NT BROADBAND คืออะไร,NT BROADBAND คือ บริการบรอดแบรนด์อินเทอร์เน็ตความเร็วสูง ผ่านโครงข่ายเคเบิลใยแก้วนำแสง (Optical Fiber Cable) จาก NT สามารถใช้งานด้านธุรกิจและส่วนบุคคลได้อย่างไร้ขีดจำกัดด้วยความเร็วถึง 40 Mbps ครอบคลุมพื้นที่ให้บริการได้ถึง 20 กิโลเมตร รองรับทุกการสื่อสาร
207,บริการ National Telecom BROADBAND คืออะไร,NT BROADBAND คือ บริการบรอดแบรนด์อินเทอร์เน็ตความเร็วสูง ผ่านโครงข่ายเคเบิลใยแก้วนำแสง (Optical Fiber Cable) จาก NT สามารถใช้งานด้านธุรกิจและส่วนบุคคลได้อย่างไร้ขีดจำกัดด้วยความเร็วถึง 40 Mbps ครอบคลุมพื้นที่ให้บริการได้ถึง 20 กิโลเมตร รองรับทุกการสื่อสาร
208,ฉันจะสามารถ บริการ NT BROADBAND คืออะไร ได้อย่างไร?,NT BROADBAND คือ บริการบรอดแบรนด์อินเทอร์เน็ตความเร็วสูง ผ่านโครงข่ายเคเบิลใยแก้วนำแสง (Optical Fiber Cable) จาก NT สามารถใช้งานด้านธุรกิจและส่วนบุคคลได้อย่างไร้ขีดจำกัดด้วยความเร็วถึง 40 Mbps ครอบคลุมพื้นที่ให้บริการได้ถึง 20 กิโลเมตร รองรับทุกการสื่อสาร
209,บริการ NT BROADBAND คืออะไร ได้ที่ไหน?,NT BROADBAND คือ บริการบรอดแบรนด์อินเทอร์เน็ตความเร็วสูง ผ่านโครงข่ายเคเบิลใยแก้วนำแสง (Optical Fiber Cable) จาก NT สามารถใช้งานด้านธุรกิจและส่วนบุคคลได้อย่างไร้ขีดจำกัดด้วยความเร็วถึง 40 Mbps ครอบคลุมพื้นที่ให้บริการได้ถึง 20 กิโลเมตร รองรับทุกการสื่อสาร
210,บริการ NT BROADBAND คืออะไร,NT BROADBAND คือ บริการบรอดแบรนด์อินเทอร์เน็ตความเร็วสูง ผ่านโครงข่ายเคเบิลใยแก้วนำแสง (Optical Fiber Cable) จาก NT สามารถใช้งานด้านธุรกิจและส่วนบุคคลได้อย่างไร้ขีดจำกัดด้วยความเร็วถึง 40 Mbps ครอบคลุมพื้นที่ให้บริการได้ถึง 20 กิโลเมตร รองรับทุกการสื่อสาร
211,มีรายละเอียดเพิ่มเติมเกี่ยวกับ สามารถตรวจสอบพื้นที่ให้บริการ NT Broadband ได้อย่างไร หรือไม่?,คุณสามารถตรวจสอบพื้นที่ให้บริการได้ที่เว็บไซต์นี้ https://www.nteservice.com/ntbroadband/สมัครสมาชิก/เช็คพื้นที่
212,สามารถตรวจสอบพื้นที่ให้บริการ NT Broadband ได้อย่างไร,คุณสามารถตรวจสอบพื้นที่ให้บริการได้ที่เว็บไซต์นี้ https://www.nteservice.com/ntbroadband/สมัครสมาชิก/เช็คพื้นที่
213,ฉันจะสามารถ สามารถตรวจสอบพื้นที่ให้บริการ NT Broadband ได้อย่างไร ได้อย่างไร?,คุณสามารถตรวจสอบพื้นที่ให้บริการได้ที่เว็บไซต์นี้ https://www.nteservice.com/ntbroadband/สมัครสมาชิก/เช็คพื้นที่
214,สามารถตรวจสอบพื้นที่ให้บริการ NT Broadband ได้อย่างไร ได้ที่ไหน?,คุณสามารถตรวจสอบพื้นที่ให้บริการได้ที่เว็บไซต์นี้ https://www.nteservice.com/ntbroadband/สมัครสมาชิก/เช็คพื้นที่
215,ช่วยบอกฉันเกี่ยวกับ สามารถตรวจสอบพื้นที่ให้บริการ NT Broadband ได้อย่างไร,คุณสามารถตรวจสอบพื้นที่ให้บริการได้ที่เว็บไซต์นี้ https://www.nteservice.com/ntbroadband/สมัครสมาชิก/เช็คพื้นที่
216,ฉันจะสามารถ แพ็คเกจการให้บริการ NT Broadband มีแพคเกจอะไรบ้าง ได้อย่างไร?,คุณสามารถตรวจสอบแพ็คเกจให้บริการได้ที่เว็บไซต์นี้ https://www.nteservice.com/ntbroadband/สมัครสมาชิก/ดูแพ็คเกจ
217,แพ็คเกจการให้บริการ National Telecom Broadband มีแพคเกจอะไรบ้าง,คุณสามารถตรวจสอบแพ็คเกจให้บริการได้ที่เว็บไซต์นี้ https://www.nteservice.com/ntbroadband/สมัครสมาชิก/ดูแพ็คเกจ
218,มีรายละเอียดเพิ่มเติมเกี่ยวกับ แพ็คเกจการให้บริการ NT Broadband มีแพคเกจอะไรบ้าง หรือไม่?,คุณสามารถตรวจสอบแพ็คเกจให้บริการได้ที่เว็บไซต์นี้ https://www.nteservice.com/ntbroadband/สมัครสมาชิก/ดูแพ็คเกจ
219,แพ็คเกจการให้บริการ NT Broadband มีแพคเกจอะไรบ้าง ได้ที่ไหน?,คุณสามารถตรวจสอบแพ็คเกจให้บริการได้ที่เว็บไซต์นี้ https://www.nteservice.com/ntbroadband/สมัครสมาชิก/ดูแพ็คเกจ
220,แพ็คเกจการให้บริการ โทรคมนาคมแห่งชาติ Broadband มีแพคเกจอะไรบ้าง,คุณสามารถตรวจสอบแพ็คเกจให้บริการได้ที่เว็บไซต์นี้ https://www.nteservice.com/ntbroadband/สมัครสมาชิก/ดูแพ็คเกจ
221,ต้องการติดตั้งอินเตอร์เน็ตบ้านและเบอร์โทรศัพท์ประจำที่ของ NT ต้องทำยังไง ได้ที่ไหน?,ติดต่อศูนย์บริการ NT ได้ทุกสาขา หรือ ผ่านเพจ FB: NT Shop กรุงเทพและปริมณฑล หรือ www.ntplc.co.th
222,ต้องการติดตั้งอินเตอร์เน็ตบ้านและเบอร์โทรศัพท์ประจำที่ของ National Telecom ต้องทำยังไง,ติดต่อศูนย์บริการ NT ได้ทุกสาขา หรือ ผ่านเพจ FB: NT Shop กรุงเทพและปริมณฑล หรือ www.ntplc.co.th
223,ต้องการติดตั้งอินเตอร์เน็ตบ้านและเบอร์โทรศัพท์ประจำที่ของ NT ต้องทำยังไง,ติดต่อศูนย์บริการ NT ได้ทุกสาขา หรือ ผ่านเพจ FB: NT Shop กรุงเทพและปริมณฑล หรือ www.ntplc.co.th
224,ช่วยบอกฉันเกี่ยวกับ ต้องการติดตั้งอินเตอร์เน็ตบ้านและเบอร์โทรศัพท์ประจำที่ของ NT ต้องทำยังไง,ติดต่อศูนย์บริการ NT ได้ทุกสาขา หรือ ผ่านเพจ FB: NT Shop กรุงเทพและปริมณฑล หรือ www.ntplc.co.th
225,มีรายละเอียดเพิ่มเติมเกี่ยวกับ ต้องการติดตั้งอินเตอร์เน็ตบ้านและเบอร์โทรศัพท์ประจำที่ของ NT ต้องทำยังไง หรือไม่?,ติดต่อศูนย์บริการ NT ได้ทุกสาขา หรือ ผ่านเพจ FB: NT Shop กรุงเทพและปริมณฑล หรือ www.ntplc.co.th
226,ช่วยบอกฉันเกี่ยวกับ โปรโมชัน FTTx มีอะไรบ้าง,"เริ่มต้นความเร็ว 300 Mbps - 1000 Mbps มีบริการเสริมต่างๆ เช่น ซิมมือถือ (My By NT หรือ NT Mobile) , กล่องดูทีวี ( IPTV หรือ C nema), เบอร์โทรศัพท์ประจำที่"
227,โปรโมชัน FTTx มีอะไรบ้าง ได้ที่ไหน?,"เริ่มต้นความเร็ว 300 Mbps - 1000 Mbps มีบริการเสริมต่างๆ เช่น ซิมมือถือ (My By NT หรือ NT Mobile) , กล่องดูทีวี ( IPTV หรือ C nema), เบอร์โทรศัพท์ประจำที่"
228,โปรโมชัน FTTx มีอะไรบ้าง,"เริ่มต้นความเร็ว 300 Mbps - 1000 Mbps มีบริการเสริมต่างๆ เช่น ซิมมือถือ (My By NT หรือ NT Mobile) , กล่องดูทีวี ( IPTV หรือ C nema), เบอร์โทรศัพท์ประจำที่"
229,มีรายละเอียดเพิ่มเติมเกี่ยวกับ โปรโมชัน FTTx มีอะไรบ้าง หรือไม่?,"เริ่มต้นความเร็ว 300 Mbps - 1000 Mbps มีบริการเสริมต่างๆ เช่น ซิมมือถือ (My By NT หรือ NT Mobile) , กล่องดูทีวี ( IPTV หรือ C nema), เบอร์โทรศัพท์ประจำที่"
230,ฉันจะสามารถ โปรโมชัน FTTx มีอะไรบ้าง ได้อย่างไร?,"เริ่มต้นความเร็ว 300 Mbps - 1000 Mbps มีบริการเสริมต่างๆ เช่น ซิมมือถือ (My By NT หรือ NT Mobile) , กล่องดูทีวี ( IPTV หรือ C nema), เบอร์โทรศัพท์ประจำที่"
231,กล่องดูทีวี IPTV และ Cnema ต่างกันอย่างไร,"IPTV สามารถดูย้อนหลังได้ 72 ชม. ไม่สามารถดาวน์โหลด APP ได้ 
Cnema ไม่สามารถดูย้อนหลังได้ สามารถดาวน์โหลด APP ได้"
232,ช่วยบอกฉันเกี่ยวกับ กล่องดูทีวี IPTV และ Cnema ต่างกันอย่างไร,"IPTV สามารถดูย้อนหลังได้ 72 ชม. ไม่สามารถดาวน์โหลด APP ได้ 
Cnema ไม่สามารถดูย้อนหลังได้ สามารถดาวน์โหลด APP ได้"
233,กล่องดูทีวี IPTV และ Cnema ต่างกันอย่างไร ได้ที่ไหน?,"IPTV สามารถดูย้อนหลังได้ 72 ชม. ไม่สามารถดาวน์โหลด APP ได้ 
Cnema ไม่สามารถดูย้อนหลังได้ สามารถดาวน์โหลด APP ได้"
234,มีรายละเอียดเพิ่มเติมเกี่ยวกับ กล่องดูทีวี IPTV และ Cnema ต่างกันอย่างไร หรือไม่?,"IPTV สามารถดูย้อนหลังได้ 72 ชม. ไม่สามารถดาวน์โหลด APP ได้ 
Cnema ไม่สามารถดูย้อนหลังได้ สามารถดาวน์โหลด APP ได้"
235,ฉันจะสามารถ กล่องดูทีวี IPTV และ Cnema ต่างกันอย่างไร ได้อย่างไร?,"IPTV สามารถดูย้อนหลังได้ 72 ชม. ไม่สามารถดาวน์โหลด APP ได้ 
Cnema ไม่สามารถดูย้อนหลังได้ สามารถดาวน์โหลด APP ได้"
236,มีรายละเอียดเพิ่มเติมเกี่ยวกับ ต้องการเปลี่ยน Password เน็ตบ้านต้องทำอย่างไร หรือไม่?,ติดต่อ call center NT 1888
237,ฉันจะสามารถ ต้องการเปลี่ยน Password เน็ตบ้านต้องทำอย่างไร ได้อย่างไร?,ติดต่อ call center NT 1888
238,ต้องการเปลี่ยน Password เน็ตบ้านต้องทำอย่างไร,ติดต่อ call center NT 1888
239,ช่วยบอกฉันเกี่ยวกับ ต้องการเปลี่ยน Password เน็ตบ้านต้องทำอย่างไร,ติดต่อ call center NT 1888
240,ต้องการเปลี่ยน Password เน็ตบ้านต้องทำอย่างไร ได้ที่ไหน?,ติดต่อ call center NT 1888
241,มีรายละเอียดเพิ่มเติมเกี่ยวกับ ต้องการยกเลิกอินเตอร์เน็ตบ้าน และเบอร์โทรศัพท์ประจำที่ ต้องทำอย่างไร หรือไม่?,เจ้าของเลขหมายถือบัตรประชาชนตัวจริง พร้อมอุปกรณ์ ติดต่อศูนย์บริการ NT ได้ทุกสาขา (ยกเว้นสาขาในห้าง)
242,ต้องการยกเลิกอินเตอร์เน็ตบ้าน และเบอร์โทรศัพท์ประจำที่ ต้องทำอย่างไร,เจ้าของเลขหมายถือบัตรประชาชนตัวจริง พร้อมอุปกรณ์ ติดต่อศูนย์บริการ NT ได้ทุกสาขา (ยกเว้นสาขาในห้าง)
243,ช่วยบอกฉันเกี่ยวกับ ต้องการยกเลิกอินเตอร์เน็ตบ้าน และเบอร์โทรศัพท์ประจำที่ ต้องทำอย่างไร,เจ้าของเลขหมายถือบัตรประชาชนตัวจริง พร้อมอุปกรณ์ ติดต่อศูนย์บริการ NT ได้ทุกสาขา (ยกเว้นสาขาในห้าง)
244,ฉันจะสามารถ ต้องการยกเลิกอินเตอร์เน็ตบ้าน และเบอร์โทรศัพท์ประจำที่ ต้องทำอย่างไร ได้อย่างไร?,เจ้าของเลขหมายถือบัตรประชาชนตัวจริง พร้อมอุปกรณ์ ติดต่อศูนย์บริการ NT ได้ทุกสาขา (ยกเว้นสาขาในห้าง)
245,ต้องการยกเลิกอินเตอร์เน็ตบ้าน และเบอร์โทรศัพท์ประจำที่ ต้องทำอย่างไร ได้ที่ไหน?,เจ้าของเลขหมายถือบัตรประชาชนตัวจริง พร้อมอุปกรณ์ ติดต่อศูนย์บริการ NT ได้ทุกสาขา (ยกเว้นสาขาในห้าง)
246,มีรายละเอียดเพิ่มเติมเกี่ยวกับ แจ้งเสียอินเตอร์เน็ตและโทรศัพท์ประจำที่ช่องทางไหน หรือไม่?,"ติดต่อ call center NT 1888 ตลอด 24 ชม., แจ้งเสียผ่านเว็ปไซต์, ศูนย์บริการ NT ทุกสาขา"
247,ช่วยบอกฉันเกี่ยวกับ แจ้งเสียอินเตอร์เน็ตและโทรศัพท์ประจำที่ช่องทางไหน,"ติดต่อ call center NT 1888 ตลอด 24 ชม., แจ้งเสียผ่านเว็ปไซต์, ศูนย์บริการ NT ทุกสาขา"
248,แจ้งเสียอินเตอร์เน็ตและโทรศัพท์ประจำที่ช่องทางไหน,"ติดต่อ call center NT 1888 ตลอด 24 ชม., แจ้งเสียผ่านเว็ปไซต์, ศูนย์บริการ NT ทุกสาขา"
249,แจ้งเสียอินเตอร์เน็ตและโทรศัพท์ประจำที่ช่องทางไหน ได้ที่ไหน?,"ติดต่อ call center NT 1888 ตลอด 24 ชม., แจ้งเสียผ่านเว็ปไซต์, ศูนย์บริการ NT ทุกสาขา"
250,ฉันจะสามารถ แจ้งเสียอินเตอร์เน็ตและโทรศัพท์ประจำที่ช่องทางไหน ได้อย่างไร?,"ติดต่อ call center NT 1888 ตลอด 24 ชม., แจ้งเสียผ่านเว็ปไซต์, ศูนย์บริการ NT ทุกสาขา"
251,มีรายละเอียดเพิ่มเติมเกี่ยวกับ การขอติดตั้งอินเตอร์เน็ตบ้านมีค่าใช้จ่ายหรือไม่ หรือไม่?,"ฟรีค่าติดตั้งอุปกรณ์พร้อมเดินสายภายใน 1 จุด (Drop Optic ไม่เกิน 300 เมตร และสายภายในไม่เกิน 15 เมตร) มูลค่า 5,770 บาท (เฉพาะพื้นที่ที่พร้อมให้บริการ)
ฟรีค่าธรรมเนียมแรกเข้าและค่าเปลี่ยนแพ็กเกจ มูลค่า 1,000 บาท
ฟรีค่าบำรุงรักษารายเดือน มูลค่า 100 บาท
รับสิทธิ์ยืมอุปกรณ์หรือแลกซื้อในราคาพิเศษ"
252,ช่วยบอกฉันเกี่ยวกับ การขอติดตั้งอินเตอร์เน็ตบ้านมีค่าใช้จ่ายหรือไม่,"ฟรีค่าติดตั้งอุปกรณ์พร้อมเดินสายภายใน 1 จุด (Drop Optic ไม่เกิน 300 เมตร และสายภายในไม่เกิน 15 เมตร) มูลค่า 5,770 บาท (เฉพาะพื้นที่ที่พร้อมให้บริการ)
ฟรีค่าธรรมเนียมแรกเข้าและค่าเปลี่ยนแพ็กเกจ มูลค่า 1,000 บาท
ฟรีค่าบำรุงรักษารายเดือน มูลค่า 100 บาท
รับสิทธิ์ยืมอุปกรณ์หรือแลกซื้อในราคาพิเศษ"
253,ฉันจะสามารถ การขอติดตั้งอินเตอร์เน็ตบ้านมีค่าใช้จ่ายหรือไม่ ได้อย่างไร?,"ฟรีค่าติดตั้งอุปกรณ์พร้อมเดินสายภายใน 1 จุด (Drop Optic ไม่เกิน 300 เมตร และสายภายในไม่เกิน 15 เมตร) มูลค่า 5,770 บาท (เฉพาะพื้นที่ที่พร้อมให้บริการ)
ฟรีค่าธรรมเนียมแรกเข้าและค่าเปลี่ยนแพ็กเกจ มูลค่า 1,000 บาท
ฟรีค่าบำรุงรักษารายเดือน มูลค่า 100 บาท
รับสิทธิ์ยืมอุปกรณ์หรือแลกซื้อในราคาพิเศษ"
254,การขอติดตั้งอินเตอร์เน็ตบ้านมีค่าใช้จ่ายหรือไม่ ได้ที่ไหน?,"ฟรีค่าติดตั้งอุปกรณ์พร้อมเดินสายภายใน 1 จุด (Drop Optic ไม่เกิน 300 เมตร และสายภายในไม่เกิน 15 เมตร) มูลค่า 5,770 บาท (เฉพาะพื้นที่ที่พร้อมให้บริการ)
ฟรีค่าธรรมเนียมแรกเข้าและค่าเปลี่ยนแพ็กเกจ มูลค่า 1,000 บาท
ฟรีค่าบำรุงรักษารายเดือน มูลค่า 100 บาท
รับสิทธิ์ยืมอุปกรณ์หรือแลกซื้อในราคาพิเศษ"
255,การขอติดตั้งอินเตอร์เน็ตบ้านมีค่าใช้จ่ายหรือไม่,"ฟรีค่าติดตั้งอุปกรณ์พร้อมเดินสายภายใน 1 จุด (Drop Optic ไม่เกิน 300 เมตร และสายภายในไม่เกิน 15 เมตร) มูลค่า 5,770 บาท (เฉพาะพื้นที่ที่พร้อมให้บริการ)
ฟรีค่าธรรมเนียมแรกเข้าและค่าเปลี่ยนแพ็กเกจ มูลค่า 1,000 บาท
ฟรีค่าบำรุงรักษารายเดือน มูลค่า 100 บาท
รับสิทธิ์ยืมอุปกรณ์หรือแลกซื้อในราคาพิเศษ"
256,ขอติดตั้งเบอร์โทรศัพท์ประจำที่มีค่าใช้จ่ายหรือไม่,"มีค่าติดตั้ง 1,500 บาท หรือ 3,500 บาท (ยังไม่รวม vat) 
หมายเหตุ : ขึ้นอยู่กับดุลยพินิจศูนย์บริการพื้นที่"
257,มีรายละเอียดเพิ่มเติมเกี่ยวกับ ขอติดตั้งเบอร์โทรศัพท์ประจำที่มีค่าใช้จ่ายหรือไม่ หรือไม่?,"มีค่าติดตั้ง 1,500 บาท หรือ 3,500 บาท (ยังไม่รวม vat) 
หมายเหตุ : ขึ้นอยู่กับดุลยพินิจศูนย์บริการพื้นที่"
258,ขอติดตั้งเบอร์โทรศัพท์ประจำที่มีค่าใช้จ่ายหรือไม่ ได้ที่ไหน?,"มีค่าติดตั้ง 1,500 บาท หรือ 3,500 บาท (ยังไม่รวม vat) 
หมายเหตุ : ขึ้นอยู่กับดุลยพินิจศูนย์บริการพื้นที่"
259,ช่วยบอกฉันเกี่ยวกับ ขอติดตั้งเบอร์โทรศัพท์ประจำที่มีค่าใช้จ่ายหรือไม่,"มีค่าติดตั้ง 1,500 บาท หรือ 3,500 บาท (ยังไม่รวม vat) 
หมายเหตุ : ขึ้นอยู่กับดุลยพินิจศูนย์บริการพื้นที่"
260,ฉันจะสามารถ ขอติดตั้งเบอร์โทรศัพท์ประจำที่มีค่าใช้จ่ายหรือไม่ ได้อย่างไร?,"มีค่าติดตั้ง 1,500 บาท หรือ 3,500 บาท (ยังไม่รวม vat) 
หมายเหตุ : ขึ้นอยู่กับดุลยพินิจศูนย์บริการพื้นที่"
261,ช่วยบอกฉันเกี่ยวกับ NT eService มีมาตรฐานการรักษาความปลอดภัยของระบบสอบถามยอดค่าใช้บริการและชำระค่าใช้บริการ Online อย่างไร,NT eService มีมาตรฐานการรักษาความปลอดภัยของระบบ โดยผู้ใช้บริการต้องผ่านการ Sign In ด้วยชื่อผู้ใช้บริการ/อีเมล (User Id/Email) และรหัสผ่าน (Password) ซึ่งระบบจะทำการเข้ารหัส (Encryption) โดยใช้เทคโนโลยี SSL (Secure Socket Layer) ซึ่งเป็นระบบรักษาความปลอดภัยของข้อมูล ที่ได้การยอมรับสูงสุดระบบหนึ่ง ในขณะนี้
262,National Telecom eService มีมาตรฐานการรักษาความปลอดภัยของระบบสอบถามยอดค่าใช้บริการและชำระค่าใช้บริการ Online อย่างไร,NT eService มีมาตรฐานการรักษาความปลอดภัยของระบบ โดยผู้ใช้บริการต้องผ่านการ Sign In ด้วยชื่อผู้ใช้บริการ/อีเมล (User Id/Email) และรหัสผ่าน (Password) ซึ่งระบบจะทำการเข้ารหัส (Encryption) โดยใช้เทคโนโลยี SSL (Secure Socket Layer) ซึ่งเป็นระบบรักษาความปลอดภัยของข้อมูล ที่ได้การยอมรับสูงสุดระบบหนึ่ง ในขณะนี้
263,ฉันจะสามารถ NT eService มีมาตรฐานการรักษาความปลอดภัยของระบบสอบถามยอดค่าใช้บริการและชำระค่าใช้บริการ Online อย่างไร ได้อย่างไร?,NT eService มีมาตรฐานการรักษาความปลอดภัยของระบบ โดยผู้ใช้บริการต้องผ่านการ Sign In ด้วยชื่อผู้ใช้บริการ/อีเมล (User Id/Email) และรหัสผ่าน (Password) ซึ่งระบบจะทำการเข้ารหัส (Encryption) โดยใช้เทคโนโลยี SSL (Secure Socket Layer) ซึ่งเป็นระบบรักษาความปลอดภัยของข้อมูล ที่ได้การยอมรับสูงสุดระบบหนึ่ง ในขณะนี้
264,NT eService มีมาตรฐานการรักษาความปลอดภัยของระบบสอบถามยอดค่าใช้บริการและชำระค่าใช้บริการ Online อย่างไร,NT eService มีมาตรฐานการรักษาความปลอดภัยของระบบ โดยผู้ใช้บริการต้องผ่านการ Sign In ด้วยชื่อผู้ใช้บริการ/อีเมล (User Id/Email) และรหัสผ่าน (Password) ซึ่งระบบจะทำการเข้ารหัส (Encryption) โดยใช้เทคโนโลยี SSL (Secure Socket Layer) ซึ่งเป็นระบบรักษาความปลอดภัยของข้อมูล ที่ได้การยอมรับสูงสุดระบบหนึ่ง ในขณะนี้
265,NT eService มีมาตรฐานการรักษาความปลอดภัยของระบบสอบถามยอดค่าใช้บริการและชำระค่าใช้บริการ Online อย่างไร ได้ที่ไหน?,NT eService มีมาตรฐานการรักษาความปลอดภัยของระบบ โดยผู้ใช้บริการต้องผ่านการ Sign In ด้วยชื่อผู้ใช้บริการ/อีเมล (User Id/Email) และรหัสผ่าน (Password) ซึ่งระบบจะทำการเข้ารหัส (Encryption) โดยใช้เทคโนโลยี SSL (Secure Socket Layer) ซึ่งเป็นระบบรักษาความปลอดภัยของข้อมูล ที่ได้การยอมรับสูงสุดระบบหนึ่ง ในขณะนี้
266,การลงทะเบียนสมัครสมาชิกระบบ National Telecom eService ต้องใช้หลักฐานสำคัญอะไรบ้าง,การใช้บริการต่างๆ บนระบบ NT eService จำเป็นต้องสมัครเป็นสมาชิกของระบบก่อน โดยกรอกหมายเลขบัตรประจำตัวประชาชน และใช้อีเมลในการ log in เข้าสู่ระบบ
267,ช่วยบอกฉันเกี่ยวกับ การลงทะเบียนสมัครสมาชิกระบบ NT eService ต้องใช้หลักฐานสำคัญอะไรบ้าง,การใช้บริการต่างๆ บนระบบ NT eService จำเป็นต้องสมัครเป็นสมาชิกของระบบก่อน โดยกรอกหมายเลขบัตรประจำตัวประชาชน และใช้อีเมลในการ log in เข้าสู่ระบบ
268,มีรายละเอียดเพิ่มเติมเกี่ยวกับ การลงทะเบียนสมัครสมาชิกระบบ NT eService ต้องใช้หลักฐานสำคัญอะไรบ้าง หรือไม่?,การใช้บริการต่างๆ บนระบบ NT eService จำเป็นต้องสมัครเป็นสมาชิกของระบบก่อน โดยกรอกหมายเลขบัตรประจำตัวประชาชน และใช้อีเมลในการ log in เข้าสู่ระบบ
269,การลงทะเบียนสมัครสมาชิกระบบ NT eService ต้องใช้หลักฐานสำคัญอะไรบ้าง,การใช้บริการต่างๆ บนระบบ NT eService จำเป็นต้องสมัครเป็นสมาชิกของระบบก่อน โดยกรอกหมายเลขบัตรประจำตัวประชาชน และใช้อีเมลในการ log in เข้าสู่ระบบ
270,การลงทะเบียนสมัครสมาชิกระบบ โทรคมนาคมแห่งชาติ eService ต้องใช้หลักฐานสำคัญอะไรบ้าง,การใช้บริการต่างๆ บนระบบ NT eService จำเป็นต้องสมัครเป็นสมาชิกของระบบก่อน โดยกรอกหมายเลขบัตรประจำตัวประชาชน และใช้อีเมลในการ log in เข้าสู่ระบบ
271,สามารถตรวจสอบยอดค่าใช้บริการโทรศัพท์ย้อนหลังได้นานแค่ไหน,ท่านสามารถตรวจรายการย้อนหลังได้ 6 เดือน หรือ 6 งวดค้างชำระ
272,ช่วยบอกฉันเกี่ยวกับ สามารถตรวจสอบยอดค่าใช้บริการโทรศัพท์ย้อนหลังได้นานแค่ไหน,ท่านสามารถตรวจรายการย้อนหลังได้ 6 เดือน หรือ 6 งวดค้างชำระ
273,มีรายละเอียดเพิ่มเติมเกี่ยวกับ สามารถตรวจสอบยอดค่าใช้บริการโทรศัพท์ย้อนหลังได้นานแค่ไหน หรือไม่?,ท่านสามารถตรวจรายการย้อนหลังได้ 6 เดือน หรือ 6 งวดค้างชำระ
274,ฉันจะสามารถ สามารถตรวจสอบยอดค่าใช้บริการโทรศัพท์ย้อนหลังได้นานแค่ไหน ได้อย่างไร?,ท่านสามารถตรวจรายการย้อนหลังได้ 6 เดือน หรือ 6 งวดค้างชำระ
275,สามารถตรวจสอบยอดค่าใช้บริการโทรศัพท์ย้อนหลังได้นานแค่ไหน ได้ที่ไหน?,ท่านสามารถตรวจรายการย้อนหลังได้ 6 เดือน หรือ 6 งวดค้างชำระ
276,ฉันจะสามารถ ในกรณีที่ทำรายการไม่ผ่าน ผู้ใช้บริการจะทราบได้อย่างไร ได้อย่างไร?,ในกรณีที่ทำรายการไม่ผ่าน จะมีข้อความแจ้งผลของการทำรายการแสดงบนหน้าจอ
277,มีรายละเอียดเพิ่มเติมเกี่ยวกับ ในกรณีที่ทำรายการไม่ผ่าน ผู้ใช้บริการจะทราบได้อย่างไร หรือไม่?,ในกรณีที่ทำรายการไม่ผ่าน จะมีข้อความแจ้งผลของการทำรายการแสดงบนหน้าจอ
278,ในกรณีที่ทำรายการไม่ผ่าน ผู้ใช้บริการจะทราบได้อย่างไร ได้ที่ไหน?,ในกรณีที่ทำรายการไม่ผ่าน จะมีข้อความแจ้งผลของการทำรายการแสดงบนหน้าจอ
279,ช่วยบอกฉันเกี่ยวกับ ในกรณีที่ทำรายการไม่ผ่าน ผู้ใช้บริการจะทราบได้อย่างไร,ในกรณีที่ทำรายการไม่ผ่าน จะมีข้อความแจ้งผลของการทำรายการแสดงบนหน้าจอ
280,ในกรณีที่ทำรายการไม่ผ่าน ผู้ใช้บริการจะทราบได้อย่างไร,ในกรณีที่ทำรายการไม่ผ่าน จะมีข้อความแจ้งผลของการทำรายการแสดงบนหน้าจอ
281,ฉันจะสามารถ ระบบแจ้งเตือนการชำระค่าใช้บริการดีอย่างไร ได้อย่างไร?,NT eService มีบริการแจ้งค่าบริการผ่านทางอิเล็กทรอนิกส์ หรือ e-Bill ส่งตรงหาคุณทางอีเมล หรืออยากรู้ยอดค่าใช้จ่าย ก็สามารถตรวจสอบยอดแต่ละรอบบิลได้
282,มีรายละเอียดเพิ่มเติมเกี่ยวกับ ระบบแจ้งเตือนการชำระค่าใช้บริการดีอย่างไร หรือไม่?,NT eService มีบริการแจ้งค่าบริการผ่านทางอิเล็กทรอนิกส์ หรือ e-Bill ส่งตรงหาคุณทางอีเมล หรืออยากรู้ยอดค่าใช้จ่าย ก็สามารถตรวจสอบยอดแต่ละรอบบิลได้
283,ระบบแจ้งเตือนการชำระค่าใช้บริการดีอย่างไร ได้ที่ไหน?,NT eService มีบริการแจ้งค่าบริการผ่านทางอิเล็กทรอนิกส์ หรือ e-Bill ส่งตรงหาคุณทางอีเมล หรืออยากรู้ยอดค่าใช้จ่าย ก็สามารถตรวจสอบยอดแต่ละรอบบิลได้
284,ช่วยบอกฉันเกี่ยวกับ ระบบแจ้งเตือนการชำระค่าใช้บริการดีอย่างไร,NT eService มีบริการแจ้งค่าบริการผ่านทางอิเล็กทรอนิกส์ หรือ e-Bill ส่งตรงหาคุณทางอีเมล หรืออยากรู้ยอดค่าใช้จ่าย ก็สามารถตรวจสอบยอดแต่ละรอบบิลได้
285,ระบบแจ้งเตือนการชำระค่าใช้บริการดีอย่างไร,NT eService มีบริการแจ้งค่าบริการผ่านทางอิเล็กทรอนิกส์ หรือ e-Bill ส่งตรงหาคุณทางอีเมล หรืออยากรู้ยอดค่าใช้จ่าย ก็สามารถตรวจสอบยอดแต่ละรอบบิลได้
286,หลังจากลงทะเบียนเพื่อชำระค่าใช้บริการออนไลน์แล้ว สามารถตรวจสอบและชำระค่าใช้บริการได้ทันทีหรือไม่ ได้ที่ไหน?,ผู้ใช้บริการสามารถใช้บริการออนไลน์ได้ทันทีหลังจากสิ้นสุดขั้นตอนการลงทะเบียนและได้รับ การยืนยันชื่อผู้ใช้บริการ/อีเมล (User Id/Email) และรหัสผ่าน (Password) แล้ว
287,ฉันจะสามารถ หลังจากลงทะเบียนเพื่อชำระค่าใช้บริการออนไลน์แล้ว สามารถตรวจสอบและชำระค่าใช้บริการได้ทันทีหรือไม่ ได้อย่างไร?,ผู้ใช้บริการสามารถใช้บริการออนไลน์ได้ทันทีหลังจากสิ้นสุดขั้นตอนการลงทะเบียนและได้รับ การยืนยันชื่อผู้ใช้บริการ/อีเมล (User Id/Email) และรหัสผ่าน (Password) แล้ว
288,หลังจากลงทะเบียนเพื่อชำระค่าใช้บริการออนไลน์แล้ว สามารถตรวจสอบและชำระค่าใช้บริการได้ทันทีหรือไม่,ผู้ใช้บริการสามารถใช้บริการออนไลน์ได้ทันทีหลังจากสิ้นสุดขั้นตอนการลงทะเบียนและได้รับ การยืนยันชื่อผู้ใช้บริการ/อีเมล (User Id/Email) และรหัสผ่าน (Password) แล้ว
289,มีรายละเอียดเพิ่มเติมเกี่ยวกับ หลังจากลงทะเบียนเพื่อชำระค่าใช้บริการออนไลน์แล้ว สามารถตรวจสอบและชำระค่าใช้บริการได้ทันทีหรือไม่ หรือไม่?,ผู้ใช้บริการสามารถใช้บริการออนไลน์ได้ทันทีหลังจากสิ้นสุดขั้นตอนการลงทะเบียนและได้รับ การยืนยันชื่อผู้ใช้บริการ/อีเมล (User Id/Email) และรหัสผ่าน (Password) แล้ว
290,ช่วยบอกฉันเกี่ยวกับ หลังจากลงทะเบียนเพื่อชำระค่าใช้บริการออนไลน์แล้ว สามารถตรวจสอบและชำระค่าใช้บริการได้ทันทีหรือไม่,ผู้ใช้บริการสามารถใช้บริการออนไลน์ได้ทันทีหลังจากสิ้นสุดขั้นตอนการลงทะเบียนและได้รับ การยืนยันชื่อผู้ใช้บริการ/อีเมล (User Id/Email) และรหัสผ่าน (Password) แล้ว
291,ฉันจะสามารถ หากลืมรหัสผ่าน (Password) จะทำอย่างไร ได้อย่างไร?,"หากลืมรหัสผ่าน ท่านสามารถขอรหัสผ่านใหม่ได้ด้วยวิธีง่ายๆ โดยการ คลิกที่ “ลืมรหัสผ่าน” แล้วกรอก ชื่อผู้ใช้/อีเมล  ที่ใช้ในการสมัครสมาชิก   และเลขที่บัตรประชาชน/เลขหนังสือเดินทาง   และรหัสภาพ (CAPTCHA)  แล้วคลิก Submit ข้อมูลจะถูกส่งไปที่ email 
*** โปรดตรวจสอบ email password อาจอยู่ใน junk mail หากท่านไม่ได้รับ email password ภายใน 2 วันทำการ"
292,หากลืมรหัสผ่าน (Password) จะทำอย่างไร ได้ที่ไหน?,"หากลืมรหัสผ่าน ท่านสามารถขอรหัสผ่านใหม่ได้ด้วยวิธีง่ายๆ โดยการ คลิกที่ “ลืมรหัสผ่าน” แล้วกรอก ชื่อผู้ใช้/อีเมล  ที่ใช้ในการสมัครสมาชิก   และเลขที่บัตรประชาชน/เลขหนังสือเดินทาง   และรหัสภาพ (CAPTCHA)  แล้วคลิก Submit ข้อมูลจะถูกส่งไปที่ email 
*** โปรดตรวจสอบ email password อาจอยู่ใน junk mail หากท่านไม่ได้รับ email password ภายใน 2 วันทำการ"
293,ช่วยบอกฉันเกี่ยวกับ หากลืมรหัสผ่าน (Password) จะทำอย่างไร,"หากลืมรหัสผ่าน ท่านสามารถขอรหัสผ่านใหม่ได้ด้วยวิธีง่ายๆ โดยการ คลิกที่ “ลืมรหัสผ่าน” แล้วกรอก ชื่อผู้ใช้/อีเมล  ที่ใช้ในการสมัครสมาชิก   และเลขที่บัตรประชาชน/เลขหนังสือเดินทาง   และรหัสภาพ (CAPTCHA)  แล้วคลิก Submit ข้อมูลจะถูกส่งไปที่ email 
*** โปรดตรวจสอบ email password อาจอยู่ใน junk mail หากท่านไม่ได้รับ email password ภายใน 2 วันทำการ"
294,หากลืมรหัสผ่าน (Password) จะทำอย่างไร,"หากลืมรหัสผ่าน ท่านสามารถขอรหัสผ่านใหม่ได้ด้วยวิธีง่ายๆ โดยการ คลิกที่ “ลืมรหัสผ่าน” แล้วกรอก ชื่อผู้ใช้/อีเมล  ที่ใช้ในการสมัครสมาชิก   และเลขที่บัตรประชาชน/เลขหนังสือเดินทาง   และรหัสภาพ (CAPTCHA)  แล้วคลิก Submit ข้อมูลจะถูกส่งไปที่ email 
*** โปรดตรวจสอบ email password อาจอยู่ใน junk mail หากท่านไม่ได้รับ email password ภายใน 2 วันทำการ"
295,มีรายละเอียดเพิ่มเติมเกี่ยวกับ หากลืมรหัสผ่าน (Password) จะทำอย่างไร หรือไม่?,"หากลืมรหัสผ่าน ท่านสามารถขอรหัสผ่านใหม่ได้ด้วยวิธีง่ายๆ โดยการ คลิกที่ “ลืมรหัสผ่าน” แล้วกรอก ชื่อผู้ใช้/อีเมล  ที่ใช้ในการสมัครสมาชิก   และเลขที่บัตรประชาชน/เลขหนังสือเดินทาง   และรหัสภาพ (CAPTCHA)  แล้วคลิก Submit ข้อมูลจะถูกส่งไปที่ email 
*** โปรดตรวจสอบ email password อาจอยู่ใน junk mail หากท่านไม่ได้รับ email password ภายใน 2 วันทำการ"
296,National Telecom eService สามารถชำระค่าใช้บริการเบอร์ของผู้อื่นได้หรือไม่,ท่านสามารถชำระค่าใช้บริการของผู้อื่นได้ โดยการ login เข้าสู่ระบบ จากนั้นไปที่เมนูเพิ่ม/ลบ เลขหมายลงทะเบียน เพื่อเพิ่มหมายเลขโทรศัพท์ที่ต้องการชำระ
297,ช่วยบอกฉันเกี่ยวกับ NT eService สามารถชำระค่าใช้บริการเบอร์ของผู้อื่นได้หรือไม่,ท่านสามารถชำระค่าใช้บริการของผู้อื่นได้ โดยการ login เข้าสู่ระบบ จากนั้นไปที่เมนูเพิ่ม/ลบ เลขหมายลงทะเบียน เพื่อเพิ่มหมายเลขโทรศัพท์ที่ต้องการชำระ
298,โทรคมนาคมแห่งชาติ eService สามารถชำระค่าใช้บริการเบอร์ของผู้อื่นได้หรือไม่,ท่านสามารถชำระค่าใช้บริการของผู้อื่นได้ โดยการ login เข้าสู่ระบบ จากนั้นไปที่เมนูเพิ่ม/ลบ เลขหมายลงทะเบียน เพื่อเพิ่มหมายเลขโทรศัพท์ที่ต้องการชำระ
299,NT eService สามารถชำระค่าใช้บริการเบอร์ของผู้อื่นได้หรือไม่ ได้ที่ไหน?,ท่านสามารถชำระค่าใช้บริการของผู้อื่นได้ โดยการ login เข้าสู่ระบบ จากนั้นไปที่เมนูเพิ่ม/ลบ เลขหมายลงทะเบียน เพื่อเพิ่มหมายเลขโทรศัพท์ที่ต้องการชำระ
300,ฉันจะสามารถ NT eService สามารถชำระค่าใช้บริการเบอร์ของผู้อื่นได้หรือไม่ ได้อย่างไร?,ท่านสามารถชำระค่าใช้บริการของผู้อื่นได้ โดยการ login เข้าสู่ระบบ จากนั้นไปที่เมนูเพิ่ม/ลบ เลขหมายลงทะเบียน เพื่อเพิ่มหมายเลขโทรศัพท์ที่ต้องการชำระ
301,ถ้าต้องการเปลี่ยนแปลงที่อยู่ในการจัดส่งใบแจ้งค่าใช้บริการ สามารถทำผ่านระบบ National Telecom eService ได้หรือไม่,"ท่านสามารถเปลี่ยนแปลงข้อมูลติดต่อ เช่น ที่อยู่จัดส่งใบแจ้งค่าใช้บริการ, อีเมล และเบอร์โทร ได้ผ่านระบบ NT eservice โดยเข้าไปที่เมนูเปลี่ยนแปลงบริการ เและเลือกเปลี่ยนแปลงข้อมูลติดต่อ"
302,มีรายละเอียดเพิ่มเติมเกี่ยวกับ ถ้าต้องการเปลี่ยนแปลงที่อยู่ในการจัดส่งใบแจ้งค่าใช้บริการ สามารถทำผ่านระบบ NT eService ได้หรือไม่ หรือไม่?,"ท่านสามารถเปลี่ยนแปลงข้อมูลติดต่อ เช่น ที่อยู่จัดส่งใบแจ้งค่าใช้บริการ, อีเมล และเบอร์โทร ได้ผ่านระบบ NT eservice โดยเข้าไปที่เมนูเปลี่ยนแปลงบริการ เและเลือกเปลี่ยนแปลงข้อมูลติดต่อ"
303,ถ้าต้องการเปลี่ยนแปลงที่อยู่ในการจัดส่งใบแจ้งค่าใช้บริการ สามารถทำผ่านระบบ NT eService ได้หรือไม่ ได้ที่ไหน?,"ท่านสามารถเปลี่ยนแปลงข้อมูลติดต่อ เช่น ที่อยู่จัดส่งใบแจ้งค่าใช้บริการ, อีเมล และเบอร์โทร ได้ผ่านระบบ NT eservice โดยเข้าไปที่เมนูเปลี่ยนแปลงบริการ เและเลือกเปลี่ยนแปลงข้อมูลติดต่อ"
304,ฉันจะสามารถ ถ้าต้องการเปลี่ยนแปลงที่อยู่ในการจัดส่งใบแจ้งค่าใช้บริการ สามารถทำผ่านระบบ NT eService ได้หรือไม่ ได้อย่างไร?,"ท่านสามารถเปลี่ยนแปลงข้อมูลติดต่อ เช่น ที่อยู่จัดส่งใบแจ้งค่าใช้บริการ, อีเมล และเบอร์โทร ได้ผ่านระบบ NT eservice โดยเข้าไปที่เมนูเปลี่ยนแปลงบริการ เและเลือกเปลี่ยนแปลงข้อมูลติดต่อ"
305,ถ้าต้องการเปลี่ยนแปลงที่อยู่ในการจัดส่งใบแจ้งค่าใช้บริการ สามารถทำผ่านระบบ NT eService ได้หรือไม่,"ท่านสามารถเปลี่ยนแปลงข้อมูลติดต่อ เช่น ที่อยู่จัดส่งใบแจ้งค่าใช้บริการ, อีเมล และเบอร์โทร ได้ผ่านระบบ NT eservice โดยเข้าไปที่เมนูเปลี่ยนแปลงบริการ เและเลือกเปลี่ยนแปลงข้อมูลติดต่อ"
306,มีรายละเอียดเพิ่มเติมเกี่ยวกับ ชำระค่าบริการผ่าน NT eService มีค่าธรรมเนียมหรือไม่ หรือไม่?,"ทีโอทีให้บริการชำระค่าบริการผ่านระบบออนไลน์ https://www.nteservice.com/eservice   ฟรี ไม่มีค่าธรรมเนียม สามารถเลือกวิธีการชำระได้ 3 รูปแบบ 1.บัตรเครดิต (Visa, Master ทุกธนาคาร) 2.บัตรเดบิต (บัตรATM) ชำระได้ 4 ธนาคาร คือ KTB, KBANK, BBL, UOB 3.หักบัญชีธนาคารออนไลน์ (Internet Banking) ชำระได้ 4 ธนาคาร คือ KTB, SCB, BAY, UOB"
307,ชำระค่าบริการผ่าน โทรคมนาคมแห่งชาติ eService มีค่าธรรมเนียมหรือไม่,"ทีโอทีให้บริการชำระค่าบริการผ่านระบบออนไลน์ https://www.nteservice.com/eservice   ฟรี ไม่มีค่าธรรมเนียม สามารถเลือกวิธีการชำระได้ 3 รูปแบบ 1.บัตรเครดิต (Visa, Master ทุกธนาคาร) 2.บัตรเดบิต (บัตรATM) ชำระได้ 4 ธนาคาร คือ KTB, KBANK, BBL, UOB 3.หักบัญชีธนาคารออนไลน์ (Internet Banking) ชำระได้ 4 ธนาคาร คือ KTB, SCB, BAY, UOB"
308,ช่วยบอกฉันเกี่ยวกับ ชำระค่าบริการผ่าน NT eService มีค่าธรรมเนียมหรือไม่,"ทีโอทีให้บริการชำระค่าบริการผ่านระบบออนไลน์ https://www.nteservice.com/eservice   ฟรี ไม่มีค่าธรรมเนียม สามารถเลือกวิธีการชำระได้ 3 รูปแบบ 1.บัตรเครดิต (Visa, Master ทุกธนาคาร) 2.บัตรเดบิต (บัตรATM) ชำระได้ 4 ธนาคาร คือ KTB, KBANK, BBL, UOB 3.หักบัญชีธนาคารออนไลน์ (Internet Banking) ชำระได้ 4 ธนาคาร คือ KTB, SCB, BAY, UOB"
309,ชำระค่าบริการผ่าน NT eService มีค่าธรรมเนียมหรือไม่,"ทีโอทีให้บริการชำระค่าบริการผ่านระบบออนไลน์ https://www.nteservice.com/eservice   ฟรี ไม่มีค่าธรรมเนียม สามารถเลือกวิธีการชำระได้ 3 รูปแบบ 1.บัตรเครดิต (Visa, Master ทุกธนาคาร) 2.บัตรเดบิต (บัตรATM) ชำระได้ 4 ธนาคาร คือ KTB, KBANK, BBL, UOB 3.หักบัญชีธนาคารออนไลน์ (Internet Banking) ชำระได้ 4 ธนาคาร คือ KTB, SCB, BAY, UOB"
310,ฉันจะสามารถ ชำระค่าบริการผ่าน NT eService มีค่าธรรมเนียมหรือไม่ ได้อย่างไร?,"ทีโอทีให้บริการชำระค่าบริการผ่านระบบออนไลน์ https://www.nteservice.com/eservice   ฟรี ไม่มีค่าธรรมเนียม สามารถเลือกวิธีการชำระได้ 3 รูปแบบ 1.บัตรเครดิต (Visa, Master ทุกธนาคาร) 2.บัตรเดบิต (บัตรATM) ชำระได้ 4 ธนาคาร คือ KTB, KBANK, BBL, UOB 3.หักบัญชีธนาคารออนไลน์ (Internet Banking) ชำระได้ 4 ธนาคาร คือ KTB, SCB, BAY, UOB"